"","City","total_deaths","Massachusetts.Cities.by.Population.Rank","Population","County","Year","Deaths"
"1","Abington",15,122,16396,"Plymouth","2013",2
"2","Acton",15,84,23777,"Middlesex","2013",0
"3","Acushnet",16,178,10544,"Bristol","2013",0
"4","Adams",7,204,8090,"Berkshire","2013",1
"5","Agawam",21,NA,28849,"Hampden","2013",3
"6","Alford",0,342,486,"Berkshire","2013",0
"7","Amesbury",27,NA,17457,"Essex","2013",2
"8","Amherst",10,40,40046,"Hampshire","2013",2
"9","Andover",21,46,35937,"Essex","2013",4
"10","Aquinnah",2,345,327,"Dukes","2013",0
"11","Arlington",23,28,45510,"Middlesex","2013",3
"12","Ashburnham",4,231,6304,"Worcester","2013",0
"13","Ashby",0,272,3223,"Middlesex","2013",0
"14","Ashfield",1,301,1733,"Franklin","2013",0
"15","Ashland",12,112,17706,"Middlesex","2013",0
"16","Athol",15,167,11711,"Worcester","2013",2
"17","Attleboro",77,29,44590,"Bristol","2013",13
"18","Auburn",11,119,16702,"Worcester","2013",2
"19","Avon",11,258,4496,"Norfolk","2013",1
"20","Ayer",11,201,8145,"Middlesex","2013",1
"21","Barnstable",66,NA,44163,"Barnstable","2013",8
"22","Barre",3,240,5569,"Worcester","2013",0
"23","Becket",0,302,1723,"Berkshire","2013",0
"24","Bedford",13,141,14197,"Middlesex","2013",0
"25","Belchertown",14,133,15100,"Hampshire","2013",3
"26","Bellingham",15,116,17093,"Norfolk","2013",1
"27","Belmont",14,74,26458,"Middlesex","2013",0
"28","Berkley",11,223,6707,"Bristol","2013",1
"29","Berlin",1,273,3176,"Worcester","2013",0
"30","Bernardston",1,287,2111,"Franklin","2013",0
"31","Beverly",56,34,41816,"Essex","2013",5
"32","Billerica",59,31,43962,"Middlesex","2013",4
"33","Blackstone",13,191,9304,"Worcester","2013",0
"34","Blandford",0,316,1260,"Hampden","2013",0
"35","Bolton",3,243,5283,"Worcester","2013",0
"36","Boston",730,1,685094,"Suffolk","2013",87
"37","Bourne",36,97,19879,"Barnstable","2013",2
"38","Boxborough",2,227,6401,"Middlesex","2013",0
"39","Boxford",4,198,8310,"Essex","2013",0
"40","Boylston",3,257,4634,"Worcester","2013",0
"41","Braintree",46,NA,37156,"Norfolk","2013",4
"42","Brewster",5,184,9836,"Barnstable","2013",1
"43","Bridgewater",39,71,27478,"Plymouth","2013",5
"44","Brimfield",2,264,3745,"Hampden","2013",0
"45","Brockton",193,6,95672,"Plymouth","2013",27
"46","Brookfield",6,268,3437,"Worcester","2013",1
"47","Brookline",13,19,59157,"Norfolk","2013",1
"48","Buckland",2,294,1874,"Franklin","2013",1
"49","Burlington",25,72,27176,"Middlesex","2013",3
"50","Cambridge",65,4,113630,"Middlesex","2013",6
"51","Canton",29,85,23444,"Norfolk","2013",4
"52","Carlisle",0,245,5235,"Middlesex","2013",0
"53","Carver",27,166,11715,"Plymouth","2013",2
"54","Charlemont",0,319,1240,"Franklin","2013",0
"55","Charlton",12,150,13571,"Worcester","2013",1
"56","Chatham",4,233,6169,"Barnstable","2013",0
"57","Chelmsford",24,48,35099,"Middlesex","2013",3
"58","Chelsea",60,39,40227,"Suffolk","2013",7
"59","Cheshire",1,275,3142,"Berkshire","2013",0
"60","Chester",1,312,1380,"Hampden","2013",0
"61","Chesterfield",0,317,1258,"Hampshire","2013",0
"62","Chicopee",79,23,55515,"Hampden","2013",9
"63","Chilmark",1,326,916,"Dukes","2013",0
"64","Clarksburg",2,304,1643,"Berkshire","2013",1
"65","Clinton",21,146,13963,"Worcester","2013",2
"66","Cohasset",6,197,8516,"Norfolk","2013",0
"67","Colrain",0,303,1665,"Franklin","2013",0
"68","Concord",2,98,19237,"Middlesex","2013",0
"69","Conway",0,293,1878,"Franklin","2013",0
"70","Cummington",0,329,881,"Hampshire","2013",0
"71","Dalton",1,224,6581,"Berkshire","2013",0
"72","Danvers",30,70,27558,"Essex","2013",6
"73","Dartmouth",26,49,34336,"Bristol","2013",2
"74","Dedham",25,77,25364,"Norfolk","2013",3
"75","Deerfield",1,249,5026,"Franklin","2013",0
"76","Dennis",24,148,13917,"Barnstable","2013",4
"77","Dighton",5,212,7715,"Bristol","2013",1
"78","Douglas",6,193,8869,"Worcester","2013",0
"79","Dover",1,235,6041,"Norfolk","2013",0
"80","Dracut",31,53,31619,"Middlesex","2013",6
"81","Dudley",7,165,11768,"Worcester","2013",3
"82","Dunstable",2,269,3379,"Middlesex","2013",1
"83","Duxbury",7,127,15928,"Plymouth","2013",0
"84","East Bridgewater",13,138,14465,"Plymouth","2013",4
"85","East Brookfield",0,285,2195,"Worcester","2013",0
"86","East Longmeadow",12,123,16291,"Hampden","2013",5
"87","Eastham",10,251,4882,"Barnstable","2013",2
"88","Easthampton",18,NA,24984,"Hampshire","2013",6
"89","Easton",30,79,24984,"Bristol","2013",2
"90","Edgartown",0,260,4321,"Dukes","2013",0
"91","Egremont",0,320,1205,"Berkshire","2013",0
"92","Erving",1,298,1767,"Franklin","2013",1
"93","Essex",1,263,3748,"Essex","2013",0
"94","Everett",90,27,46324,"Middlesex","2013",5
"95","Fairhaven",NA,125,16055,"Bristol","2013",4
"96","Foxborough",13,113,17574,"Norfolk","2013",1
"97","Framingham",53,14,72032,"Middlesex","2013",4
"98","Franklin",23,NA,32996,"Norfolk","2013",2
"99","Freetown",14,190,9339,"Bristol","2013",0
"100","Gardner",33,92,20640,"Worcester","2013",4
"101","Georgetown",9,196,8688,"Essex","2013",1
"102","Gill",2,309,1499,"Franklin","2013",0
"103","Gloucester",49,58,30172,"Essex","2013",6
"104","Goshen",1,322,1065,"Hampshire","2013",0
"105","Gosnold",0,350,76,"Dukes","2013",0
"106","Grafton",8,102,18761,"Worcester","2013",3
"107","Granby",7,228,6332,"Hampshire","2013",2
"108","Granville",0,306,1624,"Hampden","2013",0
"109","Great Barrington",2,220,6855,"Berkshire","2013",0
"110","Greenfield",27,NA,17456,"Franklin","2013",5
"111","Groton",3,170,11364,"Middlesex","2013",1
"112","Groveland",4,221,6789,"Essex","2013",1
"113","Hadley",4,242,5335,"Hampshire","2013",0
"114","Halifax",8,209,7855,"Plymouth","2013",5
"115","Hamilton",5,207,8051,"Essex","2013",1
"116","Hampden",3,247,5196,"Hampden","2013",0
"117","Hancock",1,337,698,"Berkshire","2013",0
"118","Hanover",10,139,14444,"Plymouth","2013",1
"119","Hanson",12,176,10777,"Plymouth","2013",1
"120","Hardwick",4,276,3025,"Worcester","2013",0
"121","Harvard",1,225,6569,"Worcester","2013",1
"122","Harwich",11,161,12145,"Barnstable","2013",2
"123","Hatfield",7,270,3299,"Hampshire","2013",3
"124","Haverhill",138,15,63639,"Essex","2013",8
"125","Hawley",0,344,337,"Franklin","2013",0
"126","Heath",0,336,699,"Franklin","2013",0
"127","Hingham",3,86,23415,"Plymouth","2013",1
"128","Hinsdale",5,290,1932,"Berkshire","2013",0
"129","Holbrook",22,174,11026,"Norfolk","2013",4
"130","Holden",15,100,18943,"Worcester","2013",0
"131","Holland",1,283,2496,"Hampden","2013",0
"132","Holliston",10,136,14753,"Middlesex","2013",1
"133","Holyoke",48,38,40341,"Hampden","2013",8
"134","Hopedale",7,236,5976,"Worcester","2013",0
"135","Hopkinton",10,109,18035,"Middlesex","2013",0
"136","Hubbardston",6,254,4715,"Worcester","2013",0
"137","Hudson",15,95,19944,"Middlesex","2013",1
"138","Hull",18,179,10449,"Plymouth","2013",0
"139","Huntington",0,286,2186,"Hampshire","2013",0
"140","Ipswich",14,144,13995,"Essex","2013",1
"141","Kingston",12,151,13565,"Plymouth","2013",0
"142","Lakeville",7,168,11424,"Plymouth","2013",1
"143","Lancaster",6,205,8074,"Worcester","2013",0
"144","Lanesborough",4,279,2965,"Berkshire","2013",0
"145","Lawrence",145,13,80162,"Essex","2013",10
"146","Lee",8,238,5725,"Berkshire","2013",0
"147","Leicester",11,169,11373,"Worcester","2013",2
"148","Lenox",3,250,4957,"Berkshire","2013",1
"149","Leominster",52,36,41615,"Worcester","2013",6
"150","Leverett",1,295,1853,"Franklin","2013",0
"151","Lexington",8,51,33727,"Middlesex","2013",1
"152","Leyden",0,335,715,"Franklin","2013",0
"153","Lincoln",1,222,6781,"Middlesex","2013",0
"154","Littleton",3,181,10115,"Middlesex","2013",0
"155","Longmeadow",6,129,15864,"Hampden","2013",3
"156","Lowell",246,5,111346,"Middlesex","2013",25
"157","Ludlow",18,91,21502,"Hampden","2013",2
"158","Lunenburg",11,171,11312,"Worcester","2013",3
"159","Lynn",221,9,94063,"Essex","2013",25
"160","Lynnfield",7,154,12942,"Essex","2013",0
"161","Malden",82,17,61246,"Middlesex","2013",12
"162","Manchester",2,NA,5393,"Essex","2013",0
"163","Mansfield",25,82,23946,"Bristol","2013",4
"164","Marblehead",12,93,20554,"Essex","2013",2
"165","Marion",4,248,5107,"Plymouth","2013",0
"166","Marlborough",29,41,39873,"Middlesex","2013",3
"167","Marshfield",32,76,25836,"Plymouth","2013",4
"168","Mashpee",27,142,14191,"Barnstable","2013",5
"169","Mattapoisett",5,229,6330,"Plymouth","2013",0
"170","Maynard",7,177,10665,"Middlesex","2013",0
"171","Medfield",1,155,12845,"Norfolk","2013",0
"172","Medford",78,20,57797,"Middlesex","2013",9
"173","Medway",5,152,13329,"Norfolk","2013",1
"174","Melrose",31,67,28367,"Middlesex","2013",5
"175","Mendon",3,234,6094,"Worcester","2013",2
"176","Merrimac",5,219,6913,"Essex","2013",1
"177","Methuen",60,NA,50259,"Essex","2013",6
"178","Middleborough",41,80,24873,"Plymouth","2013",6
"179","Middlefield",0,NA,536,"Hampshire","2013",0
"180","Middleton",11,182,9861,"Essex","2013",0
"181","Milford",26,62,28933,"Worcester","2013",2
"182","Millbury",21,149,13733,"Worcester","2013",2
"183","Millis",8,200,8216,"Norfolk","2013",1
"184","Millville",1,271,3252,"Worcester","2013",0
"185","Milton",12,69,27575,"Norfolk","2013",0
"186","Monroe",0,349,118,"Franklin","2013",0
"187","Monson",6,194,8836,"Hampden","2013",2
"188","Montague",8,199,8259,"Franklin","2013",0
"189","Monterey",0,325,936,"Berkshire","2013",0
"190","Montgomery",1,331,864,"Hampden","2013",0
"191","Mount Washington",0,348,158,"Berkshire","2013",0
"192","Nahant",3,266,3502,"Essex","2013",0
"193","Nantucket",8,172,11229,"Nantucket","2013",1
"194","Natick",25,45,36246,"Middlesex","2013",3
"195","Needham",3,57,30999,"Norfolk","2013",0
"196","New Ashford",1,347,223,"Berkshire","2013",0
"197","New Bedford",212,7,95120,"Bristol","2013",29
"198","New Braintree",0,323,1025,"Worcester","2013",0
"199","New Marlborough",1,310,1458,"Berkshire","2013",0
"200","New Salem",1,324,1017,"Franklin","2013",0
"201","Newbury",6,218,7079,"Essex","2013",1
"202","Newburyport",18,108,18060,"Essex","2013",2
"203","Newton",40,11,88994,"Middlesex","2013",2
"204","Norfolk",6,164,11793,"Norfolk","2013",0
"205","North Adams",23,153,12970,"Berkshire","2013",1
"206","North Andover",15,56,31013,"Essex","2013",1
"207","North Attleboro",36,NA,29153,"Bristol","2013",5
"208","North Brookfield",5,253,4793,"Worcester","2013",0
"209","North Reading",12,130,15735,"Middlesex","2013",1
"210","Northampton",33,65,28593,"Hampshire","2013",4
"211","Northborough",5,134,15033,"Worcester","2013",0
"212","Northbridge",12,120,16630,"Worcester","2013",1
"213","Northfield",1,277,2988,"Franklin","2013",0
"214","Norton",22,96,19882,"Bristol","2013",4
"215","Norwell",11,173,11067,"Plymouth","2013",1
"216","Norwood",28,60,29195,"Norfolk","2013",2
"217","Oak Bluffs",7,255,4678,"Dukes","2013",1
"218","Oakham",0,289,1946,"Worcester","2013",0
"219","Orange",9,214,7651,"Franklin","2013",2
"220","Orleans",3,237,5820,"Barnstable","2013",1
"221","Otis",1,308,1549,"Berkshire","2013",0
"222","Oxford",21,145,13980,"Worcester","2013",1
"223","Palmer",9,NA,21140,"Hampden","2013",1
"224","Paxton",3,252,4881,"Worcester","2013",1
"225","Peabody",71,25,52987,"Essex","2013",12
"226","Pelham",0,313,1325,"Hampshire","2013",0
"227","Pembroke",24,105,18377,"Plymouth","2013",1
"228","Pepperell",10,160,12146,"Middlesex","2013",1
"229","Peru",1,332,837,"Berkshire","2013",0
"230","Petersham",1,318,1250,"Worcester","2013",1
"231","Phillipston",0,300,1744,"Worcester","2013",0
"232","Pittsfield",76,33,42591,"Berkshire","2013",15
"233","Plainfield",0,339,662,"Hampshire","2013",0
"234","Plainville",13,192,9154,"Norfolk","2013",1
"235","Plymouth",91,18,59885,"Plymouth","2013",6
"236","Plympton",3,278,2971,"Plymouth","2013",0
"237","Princeton",4,267,3454,"Worcester","2013",1
"238","Provincetown",1,280,2959,"Barnstable","2013",0
"239","Quincy",196,8,94166,"Norfolk","2013",26
"240","Randolph",41,50,34272,"Norfolk","2013",5
"241","Raynham",17,140,14203,"Bristol","2013",2
"242","Reading",17,75,26106,"Middlesex","2013",1
"243","Rehoboth",4,158,12188,"Bristol","2013",0
"244","Revere",110,24,53993,"Suffolk","2013",15
"245","Richmond",1,311,1412,"Berkshire","2013",1
"246","Rochester",3,239,5575,"Plymouth","2013",0
"247","Rockland",55,110,17957,"Plymouth","2013",3
"248","Rockport",9,215,7246,"Essex","2013",1
"249","Rowe",0,343,388,"Franklin","2013",0
"250","Rowley",5,230,6325,"Essex","2013",2
"251","Royalston",3,314,1272,"Worcester","2013",2
"252","Russell",0,297,1793,"Hampden","2013",0
"253","Rutland",5,195,8700,"Worcester","2013",0
"254","Salem",74,32,43415,"Essex","2013",7
"255","Salisbury",31,189,9400,"Essex","2013",1
"256","Sandisfield",0,327,893,"Berkshire","2013",0
"257","Sandwich",14,94,20303,"Barnstable","2013",2
"258","Saugus",46,68,28251,"Essex","2013",7
"259","Savoy",0,338,680,"Berkshire","2013",0
"260","Scituate",17,103,18688,"Plymouth","2013",2
"261","Seekonk",10,131,15548,"Bristol","2013",0
"262","Sharon",10,106,18277,"Norfolk","2013",3
"263","Sheffield",1,274,3149,"Berkshire","2013",0
"264","Shelburne",3,296,1848,"Franklin","2013",0
"265","Sherborn",4,259,4323,"Middlesex","2013",0
"266","Shirley",7,213,7672,"Middlesex","2013",0
"267","Shrewsbury",24,43,37387,"Worcester","2013",6
"268","Shutesbury",0,299,1754,"Franklin","2013",0
"269","Somerset",17,107,18176,"Bristol","2013",1
"270","Somerville",81,12,81360,"Middlesex","2013",11
"271","South Hadley",13,111,17791,"Hampshire","2013",4
"272","Southampton",5,232,6196,"Hampshire","2013",1
"273","Southborough",1,180,10136,"Worcester","2013",0
"274","Southbridge",28,NA,16911,"Worcester","2013",2
"275","Southwick",8,185,9758,"Hampden","2013",0
"276","Spencer",22,162,11954,"Worcester","2013",1
"277","Springfield",163,3,154758,"Hampden","2013",22
"278","Sterling",4,203,8136,"Worcester","2013",1
"279","Stockbridge",2,291,1906,"Berkshire","2013",1
"280","Stoneham",27,90,22036,"Middlesex","2013",2
"281","Stoughton",49,66,28528,"Norfolk","2013",7
"282","Stow",3,217,7102,"Middlesex","2013",0
"283","Sturbridge",10,186,9584,"Worcester","2013",1
"284","Sudbury",0,101,18867,"Middlesex","2013",0
"285","Sunderland",3,265,3644,"Franklin","2013",1
"286","Sutton",1,188,9458,"Worcester","2013",0
"287","Swampscott",15,132,15177,"Essex","2013",4
"288","Swansea",15,121,16528,"Bristol","2013",4
"289","Taunton",106,21,57139,"Bristol","2013",13
"290","Templeton",12,202,8138,"Worcester","2013",1
"291","Tewksbury",40,54,31247,"Middlesex","2013",1
"292","Tisbury",6,261,4109,"Dukes","2013",0
"293","Tolland",0,341,500,"Hampden","2013",0
"294","Topsfield",4,226,6560,"Essex","2013",1
"295","Townsend",13,187,9522,"Middlesex","2013",4
"296","Truro",1,288,2004,"Barnstable","2013",0
"297","Tyngsborough",11,156,12357,"Middlesex","2013",1
"298","Tyringham",1,346,319,"Berkshire","2013",0
"299","Upton",4,208,7926,"Worcester","2013",1
"300","Uxbridge",9,143,13997,"Worcester","2013",3
"301","Wakefield",37,73,27157,"Middlesex","2013",8
"302","Wales",1,292,1892,"Hampden","2013",0
"303","Walpole",19,78,25073,"Norfolk","2013",3
"304","Waltham",61,16,62442,"Middlesex","2013",9
"305","Ware",21,183,9853,"Hampshire","2013",4
"306","Wareham",57,89,22640,"Plymouth","2013",9
"307","Warren",6,246,5218,"Worcester","2013",1
"308","Warwick",1,333,762,"Franklin","2013",0
"309","Washington",0,NA,536,"Berkshire","2013",0
"310","Watertown",39,NA,35756,"Middlesex","2013",7
"311","Wayland",6,147,13954,"Middlesex","2013",0
"312","Webster",29,117,17020,"Worcester","2013",3
"313","Wellesley",4,59,29479,"Norfolk","2013",0
"314","Wellfleet",4,282,2736,"Barnstable","2013",1
"315","Wendell",0,328,883,"Franklin","2013",0
"316","Wenham",4,244,5246,"Essex","2013",1
"317","West Boylston",8,206,8056,"Worcester","2013",1
"318","West Bridgewater",12,216,7231,"Plymouth","2013",2
"319","West Brookfield",4,262,3779,"Worcester","2013",1
"320","West Newbury",0,256,4637,"Essex","2013",0
"321","West Springfield",39,NA,28704,"Hampden","2013",7
"322","West Stockbridge",1,315,1267,"Berkshire","2013",0
"323","West Tisbury",2,281,2898,"Dukes","2013",0
"324","Westborough",11,99,19109,"Worcester","2013",0
"325","Westfield",47,35,41700,"Hampden","2013",7
"326","Westford",12,81,24310,"Middlesex","2013",0
"327","Westhampton",0,305,1641,"Hampshire","2013",0
"328","Westminster",3,211,7766,"Worcester","2013",0
"329","Weston",4,159,12150,"Middlesex","2013",1
"330","Westport",18,128,15910,"Bristol","2013",2
"331","Westwood",8,124,16056,"Norfolk","2013",0
"332","Weymouth",122,NA,56664,"Norfolk","2013",13
"333","Whately",0,307,1551,"Franklin","2013",0
"334","Whitman",23,135,15022,"Plymouth","2013",3
"335","Wilbraham",3,137,14671,"Hampden","2013",0
"336","Williamsburg",2,284,2492,"Hampshire","2013",1
"337","Williamstown",3,210,7835,"Berkshire","2013",1
"338","Wilmington",24,83,23803,"Middlesex","2013",3
"339","Winchendon",9,175,10862,"Worcester","2013",1
"340","Winchester",9,88,22838,"Middlesex","2013",0
"341","Windsor",0,330,873,"Berkshire","2013",0
"342","Winthrop",26,NA,18625,"Suffolk","2013",2
"343","Woburn",50,42,39701,"Middlesex","2013",6
"344","Worcester",334,2,185677,"Worcester","2013",43
"345","Worthington",0,321,1193,"Hampshire","2013",0
"346","Wrentham",13,163,11838,"Norfolk","2013",0
"347","Yarmouth",38,87,23339,"Barnstable","2013",8
"348","Unknown",4,NA,NA,NA,"2013",0
"349","Abington",15,122,16396,"Plymouth","2014",2
"350","Acton",15,84,23777,"Middlesex","2014",3
"351","Acushnet",16,178,10544,"Bristol","2014",1
"352","Adams",7,204,8090,"Berkshire","2014",2
"353","Agawam",21,NA,28849,"Hampden","2014",3
"354","Alford",0,342,486,"Berkshire","2014",0
"355","Amesbury",27,NA,17457,"Essex","2014",1
"356","Amherst",10,40,40046,"Hampshire","2014",2
"357","Andover",21,46,35937,"Essex","2014",6
"358","Aquinnah",2,345,327,"Dukes","2014",1
"359","Arlington",23,28,45510,"Middlesex","2014",5
"360","Ashburnham",4,231,6304,"Worcester","2014",1
"361","Ashby",0,272,3223,"Middlesex","2014",0
"362","Ashfield",1,301,1733,"Franklin","2014",0
"363","Ashland",12,112,17706,"Middlesex","2014",1
"364","Athol",15,167,11711,"Worcester","2014",2
"365","Attleboro",77,29,44590,"Bristol","2014",10
"366","Auburn",11,119,16702,"Worcester","2014",1
"367","Avon",11,258,4496,"Norfolk","2014",2
"368","Ayer",11,201,8145,"Middlesex","2014",1
"369","Barnstable",66,NA,44163,"Barnstable","2014",11
"370","Barre",3,240,5569,"Worcester","2014",0
"371","Becket",0,302,1723,"Berkshire","2014",0
"372","Bedford",13,141,14197,"Middlesex","2014",3
"373","Belchertown",14,133,15100,"Hampshire","2014",2
"374","Bellingham",15,116,17093,"Norfolk","2014",2
"375","Belmont",14,74,26458,"Middlesex","2014",4
"376","Berkley",11,223,6707,"Bristol","2014",2
"377","Berlin",1,273,3176,"Worcester","2014",0
"378","Bernardston",1,287,2111,"Franklin","2014",0
"379","Beverly",56,34,41816,"Essex","2014",8
"380","Billerica",59,31,43962,"Middlesex","2014",12
"381","Blackstone",13,191,9304,"Worcester","2014",2
"382","Blandford",0,316,1260,"Hampden","2014",0
"383","Bolton",3,243,5283,"Worcester","2014",0
"384","Boston",730,1,685094,"Suffolk","2014",108
"385","Bourne",36,97,19879,"Barnstable","2014",5
"386","Boxborough",2,227,6401,"Middlesex","2014",0
"387","Boxford",4,198,8310,"Essex","2014",0
"388","Boylston",3,257,4634,"Worcester","2014",0
"389","Braintree",46,NA,37156,"Norfolk","2014",8
"390","Brewster",5,184,9836,"Barnstable","2014",1
"391","Bridgewater",39,71,27478,"Plymouth","2014",4
"392","Brimfield",2,264,3745,"Hampden","2014",0
"393","Brockton",193,6,95672,"Plymouth","2014",26
"394","Brookfield",6,268,3437,"Worcester","2014",2
"395","Brookline",13,19,59157,"Norfolk","2014",1
"396","Buckland",2,294,1874,"Franklin","2014",0
"397","Burlington",25,72,27176,"Middlesex","2014",3
"398","Cambridge",65,4,113630,"Middlesex","2014",8
"399","Canton",29,85,23444,"Norfolk","2014",4
"400","Carlisle",0,245,5235,"Middlesex","2014",0
"401","Carver",27,166,11715,"Plymouth","2014",5
"402","Charlemont",0,319,1240,"Franklin","2014",0
"403","Charlton",12,150,13571,"Worcester","2014",1
"404","Chatham",4,233,6169,"Barnstable","2014",1
"405","Chelmsford",24,48,35099,"Middlesex","2014",3
"406","Chelsea",60,39,40227,"Suffolk","2014",7
"407","Cheshire",1,275,3142,"Berkshire","2014",0
"408","Chester",1,312,1380,"Hampden","2014",0
"409","Chesterfield",0,317,1258,"Hampshire","2014",0
"410","Chicopee",79,23,55515,"Hampden","2014",7
"411","Chilmark",1,326,916,"Dukes","2014",1
"412","Clarksburg",2,304,1643,"Berkshire","2014",0
"413","Clinton",21,146,13963,"Worcester","2014",4
"414","Cohasset",6,197,8516,"Norfolk","2014",3
"415","Colrain",0,303,1665,"Franklin","2014",0
"416","Concord",2,98,19237,"Middlesex","2014",0
"417","Conway",0,293,1878,"Franklin","2014",0
"418","Cummington",0,329,881,"Hampshire","2014",0
"419","Dalton",1,224,6581,"Berkshire","2014",0
"420","Danvers",30,70,27558,"Essex","2014",4
"421","Dartmouth",26,49,34336,"Bristol","2014",7
"422","Dedham",25,77,25364,"Norfolk","2014",4
"423","Deerfield",1,249,5026,"Franklin","2014",0
"424","Dennis",24,148,13917,"Barnstable","2014",7
"425","Dighton",5,212,7715,"Bristol","2014",0
"426","Douglas",6,193,8869,"Worcester","2014",0
"427","Dover",1,235,6041,"Norfolk","2014",0
"428","Dracut",31,53,31619,"Middlesex","2014",7
"429","Dudley",7,165,11768,"Worcester","2014",2
"430","Dunstable",2,269,3379,"Middlesex","2014",0
"431","Duxbury",7,127,15928,"Plymouth","2014",2
"432","East Bridgewater",13,138,14465,"Plymouth","2014",2
"433","East Brookfield",0,285,2195,"Worcester","2014",0
"434","East Longmeadow",12,123,16291,"Hampden","2014",1
"435","Eastham",10,251,4882,"Barnstable","2014",5
"436","Easthampton",18,NA,24984,"Hampshire","2014",2
"437","Easton",30,79,24984,"Bristol","2014",7
"438","Edgartown",0,260,4321,"Dukes","2014",0
"439","Egremont",0,320,1205,"Berkshire","2014",0
"440","Erving",1,298,1767,"Franklin","2014",0
"441","Essex",1,263,3748,"Essex","2014",0
"442","Everett",90,27,46324,"Middlesex","2014",29
"443","Fairhaven",NA,125,16055,"Bristol","2014",2
"444","Foxborough",13,113,17574,"Norfolk","2014",3
"445","Framingham",53,14,72032,"Middlesex","2014",11
"446","Franklin",23,NA,32996,"Norfolk","2014",5
"447","Freetown",14,190,9339,"Bristol","2014",2
"448","Gardner",33,92,20640,"Worcester","2014",6
"449","Georgetown",9,196,8688,"Essex","2014",2
"450","Gill",2,309,1499,"Franklin","2014",2
"451","Gloucester",49,58,30172,"Essex","2014",6
"452","Goshen",1,322,1065,"Hampshire","2014",1
"453","Gosnold",0,350,76,"Dukes","2014",0
"454","Grafton",8,102,18761,"Worcester","2014",2
"455","Granby",7,228,6332,"Hampshire","2014",2
"456","Granville",0,306,1624,"Hampden","2014",0
"457","Great Barrington",2,220,6855,"Berkshire","2014",1
"458","Greenfield",27,NA,17456,"Franklin","2014",3
"459","Groton",3,170,11364,"Middlesex","2014",0
"460","Groveland",4,221,6789,"Essex","2014",1
"461","Hadley",4,242,5335,"Hampshire","2014",1
"462","Halifax",8,209,7855,"Plymouth","2014",0
"463","Hamilton",5,207,8051,"Essex","2014",1
"464","Hampden",3,247,5196,"Hampden","2014",2
"465","Hancock",1,337,698,"Berkshire","2014",0
"466","Hanover",10,139,14444,"Plymouth","2014",1
"467","Hanson",12,176,10777,"Plymouth","2014",0
"468","Hardwick",4,276,3025,"Worcester","2014",0
"469","Harvard",1,225,6569,"Worcester","2014",0
"470","Harwich",11,161,12145,"Barnstable","2014",1
"471","Hatfield",7,270,3299,"Hampshire","2014",1
"472","Haverhill",138,15,63639,"Essex","2014",35
"473","Hawley",0,344,337,"Franklin","2014",0
"474","Heath",0,336,699,"Franklin","2014",0
"475","Hingham",3,86,23415,"Plymouth","2014",0
"476","Hinsdale",5,290,1932,"Berkshire","2014",2
"477","Holbrook",22,174,11026,"Norfolk","2014",4
"478","Holden",15,100,18943,"Worcester","2014",5
"479","Holland",1,283,2496,"Hampden","2014",0
"480","Holliston",10,136,14753,"Middlesex","2014",0
"481","Holyoke",48,38,40341,"Hampden","2014",10
"482","Hopedale",7,236,5976,"Worcester","2014",4
"483","Hopkinton",10,109,18035,"Middlesex","2014",3
"484","Hubbardston",6,254,4715,"Worcester","2014",2
"485","Hudson",15,95,19944,"Middlesex","2014",1
"486","Hull",18,179,10449,"Plymouth","2014",2
"487","Huntington",0,286,2186,"Hampshire","2014",0
"488","Ipswich",14,144,13995,"Essex","2014",4
"489","Kingston",12,151,13565,"Plymouth","2014",2
"490","Lakeville",7,168,11424,"Plymouth","2014",1
"491","Lancaster",6,205,8074,"Worcester","2014",1
"492","Lanesborough",4,279,2965,"Berkshire","2014",0
"493","Lawrence",145,13,80162,"Essex","2014",25
"494","Lee",8,238,5725,"Berkshire","2014",2
"495","Leicester",11,169,11373,"Worcester","2014",1
"496","Lenox",3,250,4957,"Berkshire","2014",0
"497","Leominster",52,36,41615,"Worcester","2014",10
"498","Leverett",1,295,1853,"Franklin","2014",0
"499","Lexington",8,51,33727,"Middlesex","2014",2
"500","Leyden",0,335,715,"Franklin","2014",0
"501","Lincoln",1,222,6781,"Middlesex","2014",0
"502","Littleton",3,181,10115,"Middlesex","2014",0
"503","Longmeadow",6,129,15864,"Hampden","2014",0
"504","Lowell",246,5,111346,"Middlesex","2014",39
"505","Ludlow",18,91,21502,"Hampden","2014",2
"506","Lunenburg",11,171,11312,"Worcester","2014",2
"507","Lynn",221,9,94063,"Essex","2014",42
"508","Lynnfield",7,154,12942,"Essex","2014",2
"509","Malden",82,17,61246,"Middlesex","2014",18
"510","Manchester",2,NA,5393,"Essex","2014",0
"511","Mansfield",25,82,23946,"Bristol","2014",2
"512","Marblehead",12,93,20554,"Essex","2014",0
"513","Marion",4,248,5107,"Plymouth","2014",1
"514","Marlborough",29,41,39873,"Middlesex","2014",9
"515","Marshfield",32,76,25836,"Plymouth","2014",5
"516","Mashpee",27,142,14191,"Barnstable","2014",3
"517","Mattapoisett",5,229,6330,"Plymouth","2014",0
"518","Maynard",7,177,10665,"Middlesex","2014",2
"519","Medfield",1,155,12845,"Norfolk","2014",0
"520","Medford",78,20,57797,"Middlesex","2014",14
"521","Medway",5,152,13329,"Norfolk","2014",0
"522","Melrose",31,67,28367,"Middlesex","2014",4
"523","Mendon",3,234,6094,"Worcester","2014",0
"524","Merrimac",5,219,6913,"Essex","2014",0
"525","Methuen",60,NA,50259,"Essex","2014",13
"526","Middleborough",41,80,24873,"Plymouth","2014",5
"527","Middlefield",0,NA,536,"Hampshire","2014",0
"528","Middleton",11,182,9861,"Essex","2014",2
"529","Milford",26,62,28933,"Worcester","2014",4
"530","Millbury",21,149,13733,"Worcester","2014",4
"531","Millis",8,200,8216,"Norfolk","2014",1
"532","Millville",1,271,3252,"Worcester","2014",0
"533","Milton",12,69,27575,"Norfolk","2014",4
"534","Monroe",0,349,118,"Franklin","2014",0
"535","Monson",6,194,8836,"Hampden","2014",0
"536","Montague",8,199,8259,"Franklin","2014",2
"537","Monterey",0,325,936,"Berkshire","2014",0
"538","Montgomery",1,331,864,"Hampden","2014",0
"539","Mount Washington",0,348,158,"Berkshire","2014",0
"540","Nahant",3,266,3502,"Essex","2014",0
"541","Nantucket",8,172,11229,"Nantucket","2014",1
"542","Natick",25,45,36246,"Middlesex","2014",7
"543","Needham",3,57,30999,"Norfolk","2014",0
"544","New Ashford",1,347,223,"Berkshire","2014",0
"545","New Bedford",212,7,95120,"Bristol","2014",28
"546","New Braintree",0,323,1025,"Worcester","2014",0
"547","New Marlborough",1,310,1458,"Berkshire","2014",1
"548","New Salem",1,324,1017,"Franklin","2014",0
"549","Newbury",6,218,7079,"Essex","2014",1
"550","Newburyport",18,108,18060,"Essex","2014",5
"551","Newton",40,11,88994,"Middlesex","2014",6
"552","Norfolk",6,164,11793,"Norfolk","2014",1
"553","North Adams",23,153,12970,"Berkshire","2014",5
"554","North Andover",15,56,31013,"Essex","2014",3
"555","North Attleboro",36,NA,29153,"Bristol","2014",6
"556","North Brookfield",5,253,4793,"Worcester","2014",1
"557","North Reading",12,130,15735,"Middlesex","2014",2
"558","Northampton",33,65,28593,"Hampshire","2014",11
"559","Northborough",5,134,15033,"Worcester","2014",0
"560","Northbridge",12,120,16630,"Worcester","2014",1
"561","Northfield",1,277,2988,"Franklin","2014",0
"562","Norton",22,96,19882,"Bristol","2014",5
"563","Norwell",11,173,11067,"Plymouth","2014",3
"564","Norwood",28,60,29195,"Norfolk","2014",5
"565","Oak Bluffs",7,255,4678,"Dukes","2014",1
"566","Oakham",0,289,1946,"Worcester","2014",0
"567","Orange",9,214,7651,"Franklin","2014",2
"568","Orleans",3,237,5820,"Barnstable","2014",0
"569","Otis",1,308,1549,"Berkshire","2014",0
"570","Oxford",21,145,13980,"Worcester","2014",5
"571","Palmer",9,NA,21140,"Hampden","2014",1
"572","Paxton",3,252,4881,"Worcester","2014",1
"573","Peabody",71,25,52987,"Essex","2014",14
"574","Pelham",0,313,1325,"Hampshire","2014",0
"575","Pembroke",24,105,18377,"Plymouth","2014",5
"576","Pepperell",10,160,12146,"Middlesex","2014",3
"577","Peru",1,332,837,"Berkshire","2014",0
"578","Petersham",1,318,1250,"Worcester","2014",0
"579","Phillipston",0,300,1744,"Worcester","2014",0
"580","Pittsfield",76,33,42591,"Berkshire","2014",14
"581","Plainfield",0,339,662,"Hampshire","2014",0
"582","Plainville",13,192,9154,"Norfolk","2014",4
"583","Plymouth",91,18,59885,"Plymouth","2014",17
"584","Plympton",3,278,2971,"Plymouth","2014",0
"585","Princeton",4,267,3454,"Worcester","2014",1
"586","Provincetown",1,280,2959,"Barnstable","2014",1
"587","Quincy",196,8,94166,"Norfolk","2014",38
"588","Randolph",41,50,34272,"Norfolk","2014",7
"589","Raynham",17,140,14203,"Bristol","2014",5
"590","Reading",17,75,26106,"Middlesex","2014",4
"591","Rehoboth",4,158,12188,"Bristol","2014",0
"592","Revere",110,24,53993,"Suffolk","2014",27
"593","Richmond",1,311,1412,"Berkshire","2014",0
"594","Rochester",3,239,5575,"Plymouth","2014",1
"595","Rockland",55,110,17957,"Plymouth","2014",5
"596","Rockport",9,215,7246,"Essex","2014",2
"597","Rowe",0,343,388,"Franklin","2014",0
"598","Rowley",5,230,6325,"Essex","2014",0
"599","Royalston",3,314,1272,"Worcester","2014",0
"600","Russell",0,297,1793,"Hampden","2014",0
"601","Rutland",5,195,8700,"Worcester","2014",2
"602","Salem",74,32,43415,"Essex","2014",13
"603","Salisbury",31,189,9400,"Essex","2014",4
"604","Sandisfield",0,327,893,"Berkshire","2014",0
"605","Sandwich",14,94,20303,"Barnstable","2014",3
"606","Saugus",46,68,28251,"Essex","2014",10
"607","Savoy",0,338,680,"Berkshire","2014",0
"608","Scituate",17,103,18688,"Plymouth","2014",5
"609","Seekonk",10,131,15548,"Bristol","2014",1
"610","Sharon",10,106,18277,"Norfolk","2014",3
"611","Sheffield",1,274,3149,"Berkshire","2014",1
"612","Shelburne",3,296,1848,"Franklin","2014",2
"613","Sherborn",4,259,4323,"Middlesex","2014",1
"614","Shirley",7,213,7672,"Middlesex","2014",3
"615","Shrewsbury",24,43,37387,"Worcester","2014",1
"616","Shutesbury",0,299,1754,"Franklin","2014",0
"617","Somerset",17,107,18176,"Bristol","2014",2
"618","Somerville",81,12,81360,"Middlesex","2014",15
"619","South Hadley",13,111,17791,"Hampshire","2014",0
"620","Southampton",5,232,6196,"Hampshire","2014",0
"621","Southborough",1,180,10136,"Worcester","2014",0
"622","Southbridge",28,NA,16911,"Worcester","2014",2
"623","Southwick",8,185,9758,"Hampden","2014",2
"624","Spencer",22,162,11954,"Worcester","2014",3
"625","Springfield",163,3,154758,"Hampden","2014",22
"626","Sterling",4,203,8136,"Worcester","2014",0
"627","Stockbridge",2,291,1906,"Berkshire","2014",0
"628","Stoneham",27,90,22036,"Middlesex","2014",5
"629","Stoughton",49,66,28528,"Norfolk","2014",10
"630","Stow",3,217,7102,"Middlesex","2014",0
"631","Sturbridge",10,186,9584,"Worcester","2014",1
"632","Sudbury",0,101,18867,"Middlesex","2014",0
"633","Sunderland",3,265,3644,"Franklin","2014",0
"634","Sutton",1,188,9458,"Worcester","2014",0
"635","Swampscott",15,132,15177,"Essex","2014",3
"636","Swansea",15,121,16528,"Bristol","2014",5
"637","Taunton",106,21,57139,"Bristol","2014",19
"638","Templeton",12,202,8138,"Worcester","2014",2
"639","Tewksbury",40,54,31247,"Middlesex","2014",7
"640","Tisbury",6,261,4109,"Dukes","2014",1
"641","Tolland",0,341,500,"Hampden","2014",0
"642","Topsfield",4,226,6560,"Essex","2014",1
"643","Townsend",13,187,9522,"Middlesex","2014",2
"644","Truro",1,288,2004,"Barnstable","2014",0
"645","Tyngsborough",11,156,12357,"Middlesex","2014",1
"646","Tyringham",1,346,319,"Berkshire","2014",0
"647","Upton",4,208,7926,"Worcester","2014",0
"648","Uxbridge",9,143,13997,"Worcester","2014",1
"649","Wakefield",37,73,27157,"Middlesex","2014",5
"650","Wales",1,292,1892,"Hampden","2014",0
"651","Walpole",19,78,25073,"Norfolk","2014",1
"652","Waltham",61,16,62442,"Middlesex","2014",10
"653","Ware",21,183,9853,"Hampshire","2014",4
"654","Wareham",57,89,22640,"Plymouth","2014",10
"655","Warren",6,246,5218,"Worcester","2014",2
"656","Warwick",1,333,762,"Franklin","2014",0
"657","Washington",0,NA,536,"Berkshire","2014",0
"658","Watertown",39,NA,35756,"Middlesex","2014",3
"659","Wayland",6,147,13954,"Middlesex","2014",1
"660","Webster",29,117,17020,"Worcester","2014",4
"661","Wellesley",4,59,29479,"Norfolk","2014",0
"662","Wellfleet",4,282,2736,"Barnstable","2014",1
"663","Wendell",0,328,883,"Franklin","2014",0
"664","Wenham",4,244,5246,"Essex","2014",1
"665","West Boylston",8,206,8056,"Worcester","2014",3
"666","West Bridgewater",12,216,7231,"Plymouth","2014",4
"667","West Brookfield",4,262,3779,"Worcester","2014",2
"668","West Newbury",0,256,4637,"Essex","2014",0
"669","West Springfield",39,NA,28704,"Hampden","2014",6
"670","West Stockbridge",1,315,1267,"Berkshire","2014",0
"671","West Tisbury",2,281,2898,"Dukes","2014",1
"672","Westborough",11,99,19109,"Worcester","2014",1
"673","Westfield",47,35,41700,"Hampden","2014",8
"674","Westford",12,81,24310,"Middlesex","2014",2
"675","Westhampton",0,305,1641,"Hampshire","2014",0
"676","Westminster",3,211,7766,"Worcester","2014",1
"677","Weston",4,159,12150,"Middlesex","2014",1
"678","Westport",18,128,15910,"Bristol","2014",4
"679","Westwood",8,124,16056,"Norfolk","2014",2
"680","Weymouth",122,NA,56664,"Norfolk","2014",14
"681","Whately",0,307,1551,"Franklin","2014",0
"682","Whitman",23,135,15022,"Plymouth","2014",2
"683","Wilbraham",3,137,14671,"Hampden","2014",0
"684","Williamsburg",2,284,2492,"Hampshire","2014",0
"685","Williamstown",3,210,7835,"Berkshire","2014",1
"686","Wilmington",24,83,23803,"Middlesex","2014",4
"687","Winchendon",9,175,10862,"Worcester","2014",2
"688","Winchester",9,88,22838,"Middlesex","2014",4
"689","Windsor",0,330,873,"Berkshire","2014",0
"690","Winthrop",26,NA,18625,"Suffolk","2014",3
"691","Woburn",50,42,39701,"Middlesex","2014",5
"692","Worcester",334,2,185677,"Worcester","2014",56
"693","Worthington",0,321,1193,"Hampshire","2014",0
"694","Wrentham",13,163,11838,"Norfolk","2014",1
"695","Yarmouth",38,87,23339,"Barnstable","2014",6
"696","Unknown",4,NA,NA,NA,"2014",1
"697","Abington",15,122,16396,"Plymouth","2015",6
"698","Acton",15,84,23777,"Middlesex","2015",4
"699","Acushnet",16,178,10544,"Bristol","2015",4
"700","Adams",7,204,8090,"Berkshire","2015",3
"701","Agawam",21,NA,28849,"Hampden","2015",5
"702","Alford",0,342,486,"Berkshire","2015",0
"703","Amesbury",27,NA,17457,"Essex","2015",7
"704","Amherst",10,40,40046,"Hampshire","2015",1
"705","Andover",21,46,35937,"Essex","2015",6
"706","Aquinnah",2,345,327,"Dukes","2015",1
"707","Arlington",23,28,45510,"Middlesex","2015",6
"708","Ashburnham",4,231,6304,"Worcester","2015",1
"709","Ashby",0,272,3223,"Middlesex","2015",0
"710","Ashfield",1,301,1733,"Franklin","2015",1
"711","Ashland",12,112,17706,"Middlesex","2015",4
"712","Athol",15,167,11711,"Worcester","2015",3
"713","Attleboro",77,29,44590,"Bristol","2015",10
"714","Auburn",11,119,16702,"Worcester","2015",3
"715","Avon",11,258,4496,"Norfolk","2015",3
"716","Ayer",11,201,8145,"Middlesex","2015",1
"717","Barnstable",66,NA,44163,"Barnstable","2015",13
"718","Barre",3,240,5569,"Worcester","2015",3
"719","Becket",0,302,1723,"Berkshire","2015",0
"720","Bedford",13,141,14197,"Middlesex","2015",1
"721","Belchertown",14,133,15100,"Hampshire","2015",2
"722","Bellingham",15,116,17093,"Norfolk","2015",3
"723","Belmont",14,74,26458,"Middlesex","2015",4
"724","Berkley",11,223,6707,"Bristol","2015",0
"725","Berlin",1,273,3176,"Worcester","2015",1
"726","Bernardston",1,287,2111,"Franklin","2015",0
"727","Beverly",56,34,41816,"Essex","2015",14
"728","Billerica",59,31,43962,"Middlesex","2015",13
"729","Blackstone",13,191,9304,"Worcester","2015",3
"730","Blandford",0,316,1260,"Hampden","2015",0
"731","Bolton",3,243,5283,"Worcester","2015",2
"732","Boston",730,1,685094,"Suffolk","2015",150
"733","Bourne",36,97,19879,"Barnstable","2015",8
"734","Boxborough",2,227,6401,"Middlesex","2015",0
"735","Boxford",4,198,8310,"Essex","2015",2
"736","Boylston",3,257,4634,"Worcester","2015",2
"737","Braintree",46,NA,37156,"Norfolk","2015",10
"738","Brewster",5,184,9836,"Barnstable","2015",0
"739","Bridgewater",39,71,27478,"Plymouth","2015",13
"740","Brimfield",2,264,3745,"Hampden","2015",0
"741","Brockton",193,6,95672,"Plymouth","2015",48
"742","Brookfield",6,268,3437,"Worcester","2015",0
"743","Brookline",13,19,59157,"Norfolk","2015",3
"744","Buckland",2,294,1874,"Franklin","2015",1
"745","Burlington",25,72,27176,"Middlesex","2015",3
"746","Cambridge",65,4,113630,"Middlesex","2015",12
"747","Canton",29,85,23444,"Norfolk","2015",6
"748","Carlisle",0,245,5235,"Middlesex","2015",0
"749","Carver",27,166,11715,"Plymouth","2015",6
"750","Charlemont",0,319,1240,"Franklin","2015",0
"751","Charlton",12,150,13571,"Worcester","2015",0
"752","Chatham",4,233,6169,"Barnstable","2015",2
"753","Chelmsford",24,48,35099,"Middlesex","2015",5
"754","Chelsea",60,39,40227,"Suffolk","2015",18
"755","Cheshire",1,275,3142,"Berkshire","2015",0
"756","Chester",1,312,1380,"Hampden","2015",0
"757","Chesterfield",0,317,1258,"Hampshire","2015",0
"758","Chicopee",79,23,55515,"Hampden","2015",18
"759","Chilmark",1,326,916,"Dukes","2015",0
"760","Clarksburg",2,304,1643,"Berkshire","2015",0
"761","Clinton",21,146,13963,"Worcester","2015",6
"762","Cohasset",6,197,8516,"Norfolk","2015",0
"763","Colrain",0,303,1665,"Franklin","2015",0
"764","Concord",2,98,19237,"Middlesex","2015",0
"765","Conway",0,293,1878,"Franklin","2015",0
"766","Cummington",0,329,881,"Hampshire","2015",0
"767","Dalton",1,224,6581,"Berkshire","2015",0
"768","Danvers",30,70,27558,"Essex","2015",7
"769","Dartmouth",26,49,34336,"Bristol","2015",2
"770","Dedham",25,77,25364,"Norfolk","2015",5
"771","Deerfield",1,249,5026,"Franklin","2015",1
"772","Dennis",24,148,13917,"Barnstable","2015",2
"773","Dighton",5,212,7715,"Bristol","2015",0
"774","Douglas",6,193,8869,"Worcester","2015",2
"775","Dover",1,235,6041,"Norfolk","2015",0
"776","Dracut",31,53,31619,"Middlesex","2015",8
"777","Dudley",7,165,11768,"Worcester","2015",0
"778","Dunstable",2,269,3379,"Middlesex","2015",0
"779","Duxbury",7,127,15928,"Plymouth","2015",1
"780","East Bridgewater",13,138,14465,"Plymouth","2015",2
"781","East Brookfield",0,285,2195,"Worcester","2015",0
"782","East Longmeadow",12,123,16291,"Hampden","2015",4
"783","Eastham",10,251,4882,"Barnstable","2015",2
"784","Easthampton",18,NA,24984,"Hampshire","2015",1
"785","Easton",30,79,24984,"Bristol","2015",6
"786","Edgartown",0,260,4321,"Dukes","2015",0
"787","Egremont",0,320,1205,"Berkshire","2015",0
"788","Erving",1,298,1767,"Franklin","2015",0
"789","Essex",1,263,3748,"Essex","2015",1
"790","Everett",90,27,46324,"Middlesex","2015",17
"791","Fairhaven",NA,125,16055,"Bristol","2015",NA
"792","Foxborough",13,113,17574,"Norfolk","2015",0
"793","Framingham",53,14,72032,"Middlesex","2015",12
"794","Franklin",23,NA,32996,"Norfolk","2015",7
"795","Freetown",14,190,9339,"Bristol","2015",3
"796","Gardner",33,92,20640,"Worcester","2015",6
"797","Georgetown",9,196,8688,"Essex","2015",2
"798","Gill",2,309,1499,"Franklin","2015",0
"799","Gloucester",49,58,30172,"Essex","2015",12
"800","Goshen",1,322,1065,"Hampshire","2015",0
"801","Gosnold",0,350,76,"Dukes","2015",0
"802","Grafton",8,102,18761,"Worcester","2015",2
"803","Granby",7,228,6332,"Hampshire","2015",2
"804","Granville",0,306,1624,"Hampden","2015",0
"805","Great Barrington",2,220,6855,"Berkshire","2015",0
"806","Greenfield",27,NA,17456,"Franklin","2015",8
"807","Groton",3,170,11364,"Middlesex","2015",1
"808","Groveland",4,221,6789,"Essex","2015",0
"809","Hadley",4,242,5335,"Hampshire","2015",0
"810","Halifax",8,209,7855,"Plymouth","2015",1
"811","Hamilton",5,207,8051,"Essex","2015",0
"812","Hampden",3,247,5196,"Hampden","2015",0
"813","Hancock",1,337,698,"Berkshire","2015",0
"814","Hanover",10,139,14444,"Plymouth","2015",1
"815","Hanson",12,176,10777,"Plymouth","2015",8
"816","Hardwick",4,276,3025,"Worcester","2015",2
"817","Harvard",1,225,6569,"Worcester","2015",0
"818","Harwich",11,161,12145,"Barnstable","2015",4
"819","Hatfield",7,270,3299,"Hampshire","2015",1
"820","Haverhill",138,15,63639,"Essex","2015",30
"821","Hawley",0,344,337,"Franklin","2015",0
"822","Heath",0,336,699,"Franklin","2015",0
"823","Hingham",3,86,23415,"Plymouth","2015",0
"824","Hinsdale",5,290,1932,"Berkshire","2015",1
"825","Holbrook",22,174,11026,"Norfolk","2015",4
"826","Holden",15,100,18943,"Worcester","2015",4
"827","Holland",1,283,2496,"Hampden","2015",1
"828","Holliston",10,136,14753,"Middlesex","2015",5
"829","Holyoke",48,38,40341,"Hampden","2015",6
"830","Hopedale",7,236,5976,"Worcester","2015",0
"831","Hopkinton",10,109,18035,"Middlesex","2015",4
"832","Hubbardston",6,254,4715,"Worcester","2015",2
"833","Hudson",15,95,19944,"Middlesex","2015",6
"834","Hull",18,179,10449,"Plymouth","2015",4
"835","Huntington",0,286,2186,"Hampshire","2015",0
"836","Ipswich",14,144,13995,"Essex","2015",3
"837","Kingston",12,151,13565,"Plymouth","2015",2
"838","Lakeville",7,168,11424,"Plymouth","2015",0
"839","Lancaster",6,205,8074,"Worcester","2015",2
"840","Lanesborough",4,279,2965,"Berkshire","2015",1
"841","Lawrence",145,13,80162,"Essex","2015",28
"842","Lee",8,238,5725,"Berkshire","2015",2
"843","Leicester",11,169,11373,"Worcester","2015",2
"844","Lenox",3,250,4957,"Berkshire","2015",0
"845","Leominster",52,36,41615,"Worcester","2015",7
"846","Leverett",1,295,1853,"Franklin","2015",0
"847","Lexington",8,51,33727,"Middlesex","2015",3
"848","Leyden",0,335,715,"Franklin","2015",0
"849","Lincoln",1,222,6781,"Middlesex","2015",0
"850","Littleton",3,181,10115,"Middlesex","2015",0
"851","Longmeadow",6,129,15864,"Hampden","2015",0
"852","Lowell",246,5,111346,"Middlesex","2015",62
"853","Ludlow",18,91,21502,"Hampden","2015",4
"854","Lunenburg",11,171,11312,"Worcester","2015",2
"855","Lynn",221,9,94063,"Essex","2015",47
"856","Lynnfield",7,154,12942,"Essex","2015",2
"857","Malden",82,17,61246,"Middlesex","2015",21
"858","Manchester",2,NA,5393,"Essex","2015",0
"859","Mansfield",25,82,23946,"Bristol","2015",3
"860","Marblehead",12,93,20554,"Essex","2015",1
"861","Marion",4,248,5107,"Plymouth","2015",1
"862","Marlborough",29,41,39873,"Middlesex","2015",8
"863","Marshfield",32,76,25836,"Plymouth","2015",2
"864","Mashpee",27,142,14191,"Barnstable","2015",10
"865","Mattapoisett",5,229,6330,"Plymouth","2015",2
"866","Maynard",7,177,10665,"Middlesex","2015",3
"867","Medfield",1,155,12845,"Norfolk","2015",0
"868","Medford",78,20,57797,"Middlesex","2015",21
"869","Medway",5,152,13329,"Norfolk","2015",1
"870","Melrose",31,67,28367,"Middlesex","2015",2
"871","Mendon",3,234,6094,"Worcester","2015",1
"872","Merrimac",5,219,6913,"Essex","2015",2
"873","Methuen",60,NA,50259,"Essex","2015",7
"874","Middleborough",41,80,24873,"Plymouth","2015",12
"875","Middlefield",0,NA,536,"Hampshire","2015",0
"876","Middleton",11,182,9861,"Essex","2015",4
"877","Milford",26,62,28933,"Worcester","2015",3
"878","Millbury",21,149,13733,"Worcester","2015",4
"879","Millis",8,200,8216,"Norfolk","2015",1
"880","Millville",1,271,3252,"Worcester","2015",1
"881","Milton",12,69,27575,"Norfolk","2015",1
"882","Monroe",0,349,118,"Franklin","2015",0
"883","Monson",6,194,8836,"Hampden","2015",0
"884","Montague",8,199,8259,"Franklin","2015",1
"885","Monterey",0,325,936,"Berkshire","2015",0
"886","Montgomery",1,331,864,"Hampden","2015",0
"887","Mount Washington",0,348,158,"Berkshire","2015",0
"888","Nahant",3,266,3502,"Essex","2015",1
"889","Nantucket",8,172,11229,"Nantucket","2015",1
"890","Natick",25,45,36246,"Middlesex","2015",5
"891","Needham",3,57,30999,"Norfolk","2015",1
"892","New Ashford",1,347,223,"Berkshire","2015",1
"893","New Bedford",212,7,95120,"Bristol","2015",53
"894","New Braintree",0,323,1025,"Worcester","2015",0
"895","New Marlborough",1,310,1458,"Berkshire","2015",0
"896","New Salem",1,324,1017,"Franklin","2015",1
"897","Newbury",6,218,7079,"Essex","2015",2
"898","Newburyport",18,108,18060,"Essex","2015",2
"899","Newton",40,11,88994,"Middlesex","2015",7
"900","Norfolk",6,164,11793,"Norfolk","2015",2
"901","North Adams",23,153,12970,"Berkshire","2015",6
"902","North Andover",15,56,31013,"Essex","2015",4
"903","North Attleboro",36,NA,29153,"Bristol","2015",8
"904","North Brookfield",5,253,4793,"Worcester","2015",0
"905","North Reading",12,130,15735,"Middlesex","2015",1
"906","Northampton",33,65,28593,"Hampshire","2015",4
"907","Northborough",5,134,15033,"Worcester","2015",0
"908","Northbridge",12,120,16630,"Worcester","2015",4
"909","Northfield",1,277,2988,"Franklin","2015",1
"910","Norton",22,96,19882,"Bristol","2015",1
"911","Norwell",11,173,11067,"Plymouth","2015",3
"912","Norwood",28,60,29195,"Norfolk","2015",7
"913","Oak Bluffs",7,255,4678,"Dukes","2015",3
"914","Oakham",0,289,1946,"Worcester","2015",0
"915","Orange",9,214,7651,"Franklin","2015",3
"916","Orleans",3,237,5820,"Barnstable","2015",0
"917","Otis",1,308,1549,"Berkshire","2015",0
"918","Oxford",21,145,13980,"Worcester","2015",4
"919","Palmer",9,NA,21140,"Hampden","2015",1
"920","Paxton",3,252,4881,"Worcester","2015",1
"921","Peabody",71,25,52987,"Essex","2015",11
"922","Pelham",0,313,1325,"Hampshire","2015",0
"923","Pembroke",24,105,18377,"Plymouth","2015",4
"924","Pepperell",10,160,12146,"Middlesex","2015",3
"925","Peru",1,332,837,"Berkshire","2015",0
"926","Petersham",1,318,1250,"Worcester","2015",0
"927","Phillipston",0,300,1744,"Worcester","2015",0
"928","Pittsfield",76,33,42591,"Berkshire","2015",17
"929","Plainfield",0,339,662,"Hampshire","2015",0
"930","Plainville",13,192,9154,"Norfolk","2015",0
"931","Plymouth",91,18,59885,"Plymouth","2015",20
"932","Plympton",3,278,2971,"Plymouth","2015",1
"933","Princeton",4,267,3454,"Worcester","2015",1
"934","Provincetown",1,280,2959,"Barnstable","2015",0
"935","Quincy",196,8,94166,"Norfolk","2015",47
"936","Randolph",41,50,34272,"Norfolk","2015",12
"937","Raynham",17,140,14203,"Bristol","2015",4
"938","Reading",17,75,26106,"Middlesex","2015",3
"939","Rehoboth",4,158,12188,"Bristol","2015",2
"940","Revere",110,24,53993,"Suffolk","2015",18
"941","Richmond",1,311,1412,"Berkshire","2015",0
"942","Rochester",3,239,5575,"Plymouth","2015",0
"943","Rockland",55,110,17957,"Plymouth","2015",10
"944","Rockport",9,215,7246,"Essex","2015",3
"945","Rowe",0,343,388,"Franklin","2015",0
"946","Rowley",5,230,6325,"Essex","2015",0
"947","Royalston",3,314,1272,"Worcester","2015",0
"948","Russell",0,297,1793,"Hampden","2015",0
"949","Rutland",5,195,8700,"Worcester","2015",0
"950","Salem",74,32,43415,"Essex","2015",15
"951","Salisbury",31,189,9400,"Essex","2015",6
"952","Sandisfield",0,327,893,"Berkshire","2015",0
"953","Sandwich",14,94,20303,"Barnstable","2015",2
"954","Saugus",46,68,28251,"Essex","2015",9
"955","Savoy",0,338,680,"Berkshire","2015",0
"956","Scituate",17,103,18688,"Plymouth","2015",4
"957","Seekonk",10,131,15548,"Bristol","2015",3
"958","Sharon",10,106,18277,"Norfolk","2015",1
"959","Sheffield",1,274,3149,"Berkshire","2015",0
"960","Shelburne",3,296,1848,"Franklin","2015",0
"961","Sherborn",4,259,4323,"Middlesex","2015",1
"962","Shirley",7,213,7672,"Middlesex","2015",1
"963","Shrewsbury",24,43,37387,"Worcester","2015",2
"964","Shutesbury",0,299,1754,"Franklin","2015",0
"965","Somerset",17,107,18176,"Bristol","2015",4
"966","Somerville",81,12,81360,"Middlesex","2015",18
"967","South Hadley",13,111,17791,"Hampshire","2015",2
"968","Southampton",5,232,6196,"Hampshire","2015",1
"969","Southborough",1,180,10136,"Worcester","2015",0
"970","Southbridge",28,NA,16911,"Worcester","2015",7
"971","Southwick",8,185,9758,"Hampden","2015",1
"972","Spencer",22,162,11954,"Worcester","2015",10
"973","Springfield",163,3,154758,"Hampden","2015",41
"974","Sterling",4,203,8136,"Worcester","2015",0
"975","Stockbridge",2,291,1906,"Berkshire","2015",0
"976","Stoneham",27,90,22036,"Middlesex","2015",6
"977","Stoughton",49,66,28528,"Norfolk","2015",14
"978","Stow",3,217,7102,"Middlesex","2015",1
"979","Sturbridge",10,186,9584,"Worcester","2015",1
"980","Sudbury",0,101,18867,"Middlesex","2015",0
"981","Sunderland",3,265,3644,"Franklin","2015",0
"982","Sutton",1,188,9458,"Worcester","2015",1
"983","Swampscott",15,132,15177,"Essex","2015",2
"984","Swansea",15,121,16528,"Bristol","2015",0
"985","Taunton",106,21,57139,"Bristol","2015",16
"986","Templeton",12,202,8138,"Worcester","2015",2
"987","Tewksbury",40,54,31247,"Middlesex","2015",9
"988","Tisbury",6,261,4109,"Dukes","2015",3
"989","Tolland",0,341,500,"Hampden","2015",0
"990","Topsfield",4,226,6560,"Essex","2015",0
"991","Townsend",13,187,9522,"Middlesex","2015",1
"992","Truro",1,288,2004,"Barnstable","2015",0
"993","Tyngsborough",11,156,12357,"Middlesex","2015",5
"994","Tyringham",1,346,319,"Berkshire","2015",1
"995","Upton",4,208,7926,"Worcester","2015",0
"996","Uxbridge",9,143,13997,"Worcester","2015",4
"997","Wakefield",37,73,27157,"Middlesex","2015",7
"998","Wales",1,292,1892,"Hampden","2015",0
"999","Walpole",19,78,25073,"Norfolk","2015",4
"1000","Waltham",61,16,62442,"Middlesex","2015",11
"1001","Ware",21,183,9853,"Hampshire","2015",2
"1002","Wareham",57,89,22640,"Plymouth","2015",7
"1003","Warren",6,246,5218,"Worcester","2015",2
"1004","Warwick",1,333,762,"Franklin","2015",1
"1005","Washington",0,NA,536,"Berkshire","2015",0
"1006","Watertown",39,NA,35756,"Middlesex","2015",11
"1007","Wayland",6,147,13954,"Middlesex","2015",1
"1008","Webster",29,117,17020,"Worcester","2015",7
"1009","Wellesley",4,59,29479,"Norfolk","2015",2
"1010","Wellfleet",4,282,2736,"Barnstable","2015",0
"1011","Wendell",0,328,883,"Franklin","2015",0
"1012","Wenham",4,244,5246,"Essex","2015",1
"1013","West Boylston",8,206,8056,"Worcester","2015",0
"1014","West Bridgewater",12,216,7231,"Plymouth","2015",0
"1015","West Brookfield",4,262,3779,"Worcester","2015",0
"1016","West Newbury",0,256,4637,"Essex","2015",0
"1017","West Springfield",39,NA,28704,"Hampden","2015",6
"1018","West Stockbridge",1,315,1267,"Berkshire","2015",1
"1019","West Tisbury",2,281,2898,"Dukes","2015",0
"1020","Westborough",11,99,19109,"Worcester","2015",3
"1021","Westfield",47,35,41700,"Hampden","2015",7
"1022","Westford",12,81,24310,"Middlesex","2015",0
"1023","Westhampton",0,305,1641,"Hampshire","2015",0
"1024","Westminster",3,211,7766,"Worcester","2015",0
"1025","Weston",4,159,12150,"Middlesex","2015",0
"1026","Westport",18,128,15910,"Bristol","2015",2
"1027","Westwood",8,124,16056,"Norfolk","2015",1
"1028","Weymouth",122,NA,56664,"Norfolk","2015",24
"1029","Whately",0,307,1551,"Franklin","2015",0
"1030","Whitman",23,135,15022,"Plymouth","2015",8
"1031","Wilbraham",3,137,14671,"Hampden","2015",2
"1032","Williamsburg",2,284,2492,"Hampshire","2015",0
"1033","Williamstown",3,210,7835,"Berkshire","2015",0
"1034","Wilmington",24,83,23803,"Middlesex","2015",7
"1035","Winchendon",9,175,10862,"Worcester","2015",2
"1036","Winchester",9,88,22838,"Middlesex","2015",1
"1037","Windsor",0,330,873,"Berkshire","2015",0
"1038","Winthrop",26,NA,18625,"Suffolk","2015",7
"1039","Woburn",50,42,39701,"Middlesex","2015",6
"1040","Worcester",334,2,185677,"Worcester","2015",82
"1041","Worthington",0,321,1193,"Hampshire","2015",0
"1042","Wrentham",13,163,11838,"Norfolk","2015",2
"1043","Yarmouth",38,87,23339,"Barnstable","2015",9
"1044","Unknown",4,NA,NA,NA,"2015",1
"1045","Abington",15,122,16396,"Plymouth","2016",2
"1046","Acton",15,84,23777,"Middlesex","2016",7
"1047","Acushnet",16,178,10544,"Bristol","2016",4
"1048","Adams",7,204,8090,"Berkshire","2016",1
"1049","Agawam",21,NA,28849,"Hampden","2016",4
"1050","Alford",0,342,486,"Berkshire","2016",0
"1051","Amesbury",27,NA,17457,"Essex","2016",8
"1052","Amherst",10,40,40046,"Hampshire","2016",2
"1053","Andover",21,46,35937,"Essex","2016",3
"1054","Aquinnah",2,345,327,"Dukes","2016",0
"1055","Arlington",23,28,45510,"Middlesex","2016",6
"1056","Ashburnham",4,231,6304,"Worcester","2016",2
"1057","Ashby",0,272,3223,"Middlesex","2016",0
"1058","Ashfield",1,301,1733,"Franklin","2016",0
"1059","Ashland",12,112,17706,"Middlesex","2016",4
"1060","Athol",15,167,11711,"Worcester","2016",3
"1061","Attleboro",77,29,44590,"Bristol","2016",18
"1062","Auburn",11,119,16702,"Worcester","2016",2
"1063","Avon",11,258,4496,"Norfolk","2016",3
"1064","Ayer",11,201,8145,"Middlesex","2016",7
"1065","Barnstable",66,NA,44163,"Barnstable","2016",21
"1066","Barre",3,240,5569,"Worcester","2016",0
"1067","Becket",0,302,1723,"Berkshire","2016",0
"1068","Bedford",13,141,14197,"Middlesex","2016",6
"1069","Belchertown",14,133,15100,"Hampshire","2016",2
"1070","Bellingham",15,116,17093,"Norfolk","2016",5
"1071","Belmont",14,74,26458,"Middlesex","2016",4
"1072","Berkley",11,223,6707,"Bristol","2016",5
"1073","Berlin",1,273,3176,"Worcester","2016",0
"1074","Bernardston",1,287,2111,"Franklin","2016",1
"1075","Beverly",56,34,41816,"Essex","2016",18
"1076","Billerica",59,31,43962,"Middlesex","2016",16
"1077","Blackstone",13,191,9304,"Worcester","2016",7
"1078","Blandford",0,316,1260,"Hampden","2016",0
"1079","Bolton",3,243,5283,"Worcester","2016",1
"1080","Boston",730,1,685094,"Suffolk","2016",194
"1081","Bourne",36,97,19879,"Barnstable","2016",9
"1082","Boxborough",2,227,6401,"Middlesex","2016",1
"1083","Boxford",4,198,8310,"Essex","2016",1
"1084","Boylston",3,257,4634,"Worcester","2016",0
"1085","Braintree",46,NA,37156,"Norfolk","2016",9
"1086","Brewster",5,184,9836,"Barnstable","2016",3
"1087","Bridgewater",39,71,27478,"Plymouth","2016",10
"1088","Brimfield",2,264,3745,"Hampden","2016",1
"1089","Brockton",193,6,95672,"Plymouth","2016",43
"1090","Brookfield",6,268,3437,"Worcester","2016",1
"1091","Brookline",13,19,59157,"Norfolk","2016",2
"1092","Buckland",2,294,1874,"Franklin","2016",0
"1093","Burlington",25,72,27176,"Middlesex","2016",8
"1094","Cambridge",65,4,113630,"Middlesex","2016",27
"1095","Canton",29,85,23444,"Norfolk","2016",6
"1096","Carlisle",0,245,5235,"Middlesex","2016",0
"1097","Carver",27,166,11715,"Plymouth","2016",8
"1098","Charlemont",0,319,1240,"Franklin","2016",0
"1099","Charlton",12,150,13571,"Worcester","2016",4
"1100","Chatham",4,233,6169,"Barnstable","2016",1
"1101","Chelmsford",24,48,35099,"Middlesex","2016",7
"1102","Chelsea",60,39,40227,"Suffolk","2016",14
"1103","Cheshire",1,275,3142,"Berkshire","2016",1
"1104","Chester",1,312,1380,"Hampden","2016",0
"1105","Chesterfield",0,317,1258,"Hampshire","2016",0
"1106","Chicopee",79,23,55515,"Hampden","2016",26
"1107","Chilmark",1,326,916,"Dukes","2016",0
"1108","Clarksburg",2,304,1643,"Berkshire","2016",0
"1109","Clinton",21,146,13963,"Worcester","2016",7
"1110","Cohasset",6,197,8516,"Norfolk","2016",2
"1111","Colrain",0,303,1665,"Franklin","2016",0
"1112","Concord",2,98,19237,"Middlesex","2016",1
"1113","Conway",0,293,1878,"Franklin","2016",0
"1114","Cummington",0,329,881,"Hampshire","2016",0
"1115","Dalton",1,224,6581,"Berkshire","2016",1
"1116","Danvers",30,70,27558,"Essex","2016",4
"1117","Dartmouth",26,49,34336,"Bristol","2016",9
"1118","Dedham",25,77,25364,"Norfolk","2016",11
"1119","Deerfield",1,249,5026,"Franklin","2016",0
"1120","Dennis",24,148,13917,"Barnstable","2016",6
"1121","Dighton",5,212,7715,"Bristol","2016",3
"1122","Douglas",6,193,8869,"Worcester","2016",2
"1123","Dover",1,235,6041,"Norfolk","2016",0
"1124","Dracut",31,53,31619,"Middlesex","2016",6
"1125","Dudley",7,165,11768,"Worcester","2016",0
"1126","Dunstable",2,269,3379,"Middlesex","2016",0
"1127","Duxbury",7,127,15928,"Plymouth","2016",3
"1128","East Bridgewater",13,138,14465,"Plymouth","2016",1
"1129","East Brookfield",0,285,2195,"Worcester","2016",0
"1130","East Longmeadow",12,123,16291,"Hampden","2016",2
"1131","Eastham",10,251,4882,"Barnstable","2016",0
"1132","Easthampton",18,NA,24984,"Hampshire","2016",5
"1133","Easton",30,79,24984,"Bristol","2016",8
"1134","Edgartown",0,260,4321,"Dukes","2016",0
"1135","Egremont",0,320,1205,"Berkshire","2016",0
"1136","Erving",1,298,1767,"Franklin","2016",0
"1137","Essex",1,263,3748,"Essex","2016",0
"1138","Everett",90,27,46324,"Middlesex","2016",22
"1139","Fairhaven",NA,125,16055,"Bristol","2016",NA
"1140","Foxborough",13,113,17574,"Norfolk","2016",7
"1141","Framingham",53,14,72032,"Middlesex","2016",18
"1142","Franklin",23,NA,32996,"Norfolk","2016",7
"1143","Freetown",14,190,9339,"Bristol","2016",3
"1144","Gardner",33,92,20640,"Worcester","2016",9
"1145","Georgetown",9,196,8688,"Essex","2016",1
"1146","Gill",2,309,1499,"Franklin","2016",0
"1147","Gloucester",49,58,30172,"Essex","2016",9
"1148","Goshen",1,322,1065,"Hampshire","2016",0
"1149","Gosnold",0,350,76,"Dukes","2016",0
"1150","Grafton",8,102,18761,"Worcester","2016",1
"1151","Granby",7,228,6332,"Hampshire","2016",1
"1152","Granville",0,306,1624,"Hampden","2016",0
"1153","Great Barrington",2,220,6855,"Berkshire","2016",1
"1154","Greenfield",27,NA,17456,"Franklin","2016",7
"1155","Groton",3,170,11364,"Middlesex","2016",0
"1156","Groveland",4,221,6789,"Essex","2016",1
"1157","Hadley",4,242,5335,"Hampshire","2016",2
"1158","Halifax",8,209,7855,"Plymouth","2016",2
"1159","Hamilton",5,207,8051,"Essex","2016",3
"1160","Hampden",3,247,5196,"Hampden","2016",1
"1161","Hancock",1,337,698,"Berkshire","2016",1
"1162","Hanover",10,139,14444,"Plymouth","2016",6
"1163","Hanson",12,176,10777,"Plymouth","2016",2
"1164","Hardwick",4,276,3025,"Worcester","2016",2
"1165","Harvard",1,225,6569,"Worcester","2016",0
"1166","Harwich",11,161,12145,"Barnstable","2016",3
"1167","Hatfield",7,270,3299,"Hampshire","2016",1
"1168","Haverhill",138,15,63639,"Essex","2016",37
"1169","Hawley",0,344,337,"Franklin","2016",0
"1170","Heath",0,336,699,"Franklin","2016",0
"1171","Hingham",3,86,23415,"Plymouth","2016",1
"1172","Hinsdale",5,290,1932,"Berkshire","2016",2
"1173","Holbrook",22,174,11026,"Norfolk","2016",7
"1174","Holden",15,100,18943,"Worcester","2016",5
"1175","Holland",1,283,2496,"Hampden","2016",0
"1176","Holliston",10,136,14753,"Middlesex","2016",1
"1177","Holyoke",48,38,40341,"Hampden","2016",11
"1178","Hopedale",7,236,5976,"Worcester","2016",1
"1179","Hopkinton",10,109,18035,"Middlesex","2016",0
"1180","Hubbardston",6,254,4715,"Worcester","2016",1
"1181","Hudson",15,95,19944,"Middlesex","2016",3
"1182","Hull",18,179,10449,"Plymouth","2016",5
"1183","Huntington",0,286,2186,"Hampshire","2016",0
"1184","Ipswich",14,144,13995,"Essex","2016",3
"1185","Kingston",12,151,13565,"Plymouth","2016",1
"1186","Lakeville",7,168,11424,"Plymouth","2016",1
"1187","Lancaster",6,205,8074,"Worcester","2016",1
"1188","Lanesborough",4,279,2965,"Berkshire","2016",1
"1189","Lawrence",145,13,80162,"Essex","2016",45
"1190","Lee",8,238,5725,"Berkshire","2016",1
"1191","Leicester",11,169,11373,"Worcester","2016",2
"1192","Lenox",3,250,4957,"Berkshire","2016",0
"1193","Leominster",52,36,41615,"Worcester","2016",13
"1194","Leverett",1,295,1853,"Franklin","2016",0
"1195","Lexington",8,51,33727,"Middlesex","2016",2
"1196","Leyden",0,335,715,"Franklin","2016",0
"1197","Lincoln",1,222,6781,"Middlesex","2016",1
"1198","Littleton",3,181,10115,"Middlesex","2016",2
"1199","Longmeadow",6,129,15864,"Hampden","2016",3
"1200","Lowell",246,5,111346,"Middlesex","2016",68
"1201","Ludlow",18,91,21502,"Hampden","2016",6
"1202","Lunenburg",11,171,11312,"Worcester","2016",1
"1203","Lynn",221,9,94063,"Essex","2016",46
"1204","Lynnfield",7,154,12942,"Essex","2016",1
"1205","Malden",82,17,61246,"Middlesex","2016",15
"1206","Manchester",2,NA,5393,"Essex","2016",2
"1207","Mansfield",25,82,23946,"Bristol","2016",8
"1208","Marblehead",12,93,20554,"Essex","2016",4
"1209","Marion",4,248,5107,"Plymouth","2016",1
"1210","Marlborough",29,41,39873,"Middlesex","2016",4
"1211","Marshfield",32,76,25836,"Plymouth","2016",9
"1212","Mashpee",27,142,14191,"Barnstable","2016",8
"1213","Mattapoisett",5,229,6330,"Plymouth","2016",2
"1214","Maynard",7,177,10665,"Middlesex","2016",0
"1215","Medfield",1,155,12845,"Norfolk","2016",1
"1216","Medford",78,20,57797,"Middlesex","2016",17
"1217","Medway",5,152,13329,"Norfolk","2016",3
"1218","Melrose",31,67,28367,"Middlesex","2016",10
"1219","Mendon",3,234,6094,"Worcester","2016",0
"1220","Merrimac",5,219,6913,"Essex","2016",1
"1221","Methuen",60,NA,50259,"Essex","2016",14
"1222","Middleborough",41,80,24873,"Plymouth","2016",11
"1223","Middlefield",0,NA,536,"Hampshire","2016",0
"1224","Middleton",11,182,9861,"Essex","2016",2
"1225","Milford",26,62,28933,"Worcester","2016",11
"1226","Millbury",21,149,13733,"Worcester","2016",4
"1227","Millis",8,200,8216,"Norfolk","2016",4
"1228","Millville",1,271,3252,"Worcester","2016",0
"1229","Milton",12,69,27575,"Norfolk","2016",6
"1230","Monroe",0,349,118,"Franklin","2016",0
"1231","Monson",6,194,8836,"Hampden","2016",3
"1232","Montague",8,199,8259,"Franklin","2016",3
"1233","Monterey",0,325,936,"Berkshire","2016",0
"1234","Montgomery",1,331,864,"Hampden","2016",1
"1235","Mount Washington",0,348,158,"Berkshire","2016",0
"1236","Nahant",3,266,3502,"Essex","2016",2
"1237","Nantucket",8,172,11229,"Nantucket","2016",2
"1238","Natick",25,45,36246,"Middlesex","2016",3
"1239","Needham",3,57,30999,"Norfolk","2016",1
"1240","New Ashford",1,347,223,"Berkshire","2016",0
"1241","New Bedford",212,7,95120,"Bristol","2016",57
"1242","New Braintree",0,323,1025,"Worcester","2016",0
"1243","New Marlborough",1,310,1458,"Berkshire","2016",0
"1244","New Salem",1,324,1017,"Franklin","2016",0
"1245","Newbury",6,218,7079,"Essex","2016",1
"1246","Newburyport",18,108,18060,"Essex","2016",4
"1247","Newton",40,11,88994,"Middlesex","2016",16
"1248","Norfolk",6,164,11793,"Norfolk","2016",3
"1249","North Adams",23,153,12970,"Berkshire","2016",6
"1250","North Andover",15,56,31013,"Essex","2016",3
"1251","North Attleboro",36,NA,29153,"Bristol","2016",8
"1252","North Brookfield",5,253,4793,"Worcester","2016",3
"1253","North Reading",12,130,15735,"Middlesex","2016",2
"1254","Northampton",33,65,28593,"Hampshire","2016",8
"1255","Northborough",5,134,15033,"Worcester","2016",3
"1256","Northbridge",12,120,16630,"Worcester","2016",2
"1257","Northfield",1,277,2988,"Franklin","2016",0
"1258","Norton",22,96,19882,"Bristol","2016",7
"1259","Norwell",11,173,11067,"Plymouth","2016",1
"1260","Norwood",28,60,29195,"Norfolk","2016",6
"1261","Oak Bluffs",7,255,4678,"Dukes","2016",1
"1262","Oakham",0,289,1946,"Worcester","2016",0
"1263","Orange",9,214,7651,"Franklin","2016",1
"1264","Orleans",3,237,5820,"Barnstable","2016",2
"1265","Otis",1,308,1549,"Berkshire","2016",1
"1266","Oxford",21,145,13980,"Worcester","2016",7
"1267","Palmer",9,NA,21140,"Hampden","2016",4
"1268","Paxton",3,252,4881,"Worcester","2016",0
"1269","Peabody",71,25,52987,"Essex","2016",11
"1270","Pelham",0,313,1325,"Hampshire","2016",0
"1271","Pembroke",24,105,18377,"Plymouth","2016",8
"1272","Pepperell",10,160,12146,"Middlesex","2016",1
"1273","Peru",1,332,837,"Berkshire","2016",0
"1274","Petersham",1,318,1250,"Worcester","2016",0
"1275","Phillipston",0,300,1744,"Worcester","2016",0
"1276","Pittsfield",76,33,42591,"Berkshire","2016",19
"1277","Plainfield",0,339,662,"Hampshire","2016",0
"1278","Plainville",13,192,9154,"Norfolk","2016",3
"1279","Plymouth",91,18,59885,"Plymouth","2016",25
"1280","Plympton",3,278,2971,"Plymouth","2016",2
"1281","Princeton",4,267,3454,"Worcester","2016",1
"1282","Provincetown",1,280,2959,"Barnstable","2016",0
"1283","Quincy",196,8,94166,"Norfolk","2016",45
"1284","Randolph",41,50,34272,"Norfolk","2016",11
"1285","Raynham",17,140,14203,"Bristol","2016",2
"1286","Reading",17,75,26106,"Middlesex","2016",4
"1287","Rehoboth",4,158,12188,"Bristol","2016",0
"1288","Revere",110,24,53993,"Suffolk","2016",26
"1289","Richmond",1,311,1412,"Berkshire","2016",0
"1290","Rochester",3,239,5575,"Plymouth","2016",0
"1291","Rockland",55,110,17957,"Plymouth","2016",22
"1292","Rockport",9,215,7246,"Essex","2016",1
"1293","Rowe",0,343,388,"Franklin","2016",0
"1294","Rowley",5,230,6325,"Essex","2016",0
"1295","Royalston",3,314,1272,"Worcester","2016",1
"1296","Russell",0,297,1793,"Hampden","2016",0
"1297","Rutland",5,195,8700,"Worcester","2016",2
"1298","Salem",74,32,43415,"Essex","2016",18
"1299","Salisbury",31,189,9400,"Essex","2016",12
"1300","Sandisfield",0,327,893,"Berkshire","2016",0
"1301","Sandwich",14,94,20303,"Barnstable","2016",4
"1302","Saugus",46,68,28251,"Essex","2016",13
"1303","Savoy",0,338,680,"Berkshire","2016",0
"1304","Scituate",17,103,18688,"Plymouth","2016",3
"1305","Seekonk",10,131,15548,"Bristol","2016",4
"1306","Sharon",10,106,18277,"Norfolk","2016",1
"1307","Sheffield",1,274,3149,"Berkshire","2016",0
"1308","Shelburne",3,296,1848,"Franklin","2016",1
"1309","Sherborn",4,259,4323,"Middlesex","2016",1
"1310","Shirley",7,213,7672,"Middlesex","2016",0
"1311","Shrewsbury",24,43,37387,"Worcester","2016",7
"1312","Shutesbury",0,299,1754,"Franklin","2016",0
"1313","Somerset",17,107,18176,"Bristol","2016",5
"1314","Somerville",81,12,81360,"Middlesex","2016",21
"1315","South Hadley",13,111,17791,"Hampshire","2016",4
"1316","Southampton",5,232,6196,"Hampshire","2016",2
"1317","Southborough",1,180,10136,"Worcester","2016",1
"1318","Southbridge",28,NA,16911,"Worcester","2016",12
"1319","Southwick",8,185,9758,"Hampden","2016",2
"1320","Spencer",22,162,11954,"Worcester","2016",3
"1321","Springfield",163,3,154758,"Hampden","2016",40
"1322","Sterling",4,203,8136,"Worcester","2016",2
"1323","Stockbridge",2,291,1906,"Berkshire","2016",0
"1324","Stoneham",27,90,22036,"Middlesex","2016",8
"1325","Stoughton",49,66,28528,"Norfolk","2016",11
"1326","Stow",3,217,7102,"Middlesex","2016",1
"1327","Sturbridge",10,186,9584,"Worcester","2016",2
"1328","Sudbury",0,101,18867,"Middlesex","2016",0
"1329","Sunderland",3,265,3644,"Franklin","2016",1
"1330","Sutton",1,188,9458,"Worcester","2016",0
"1331","Swampscott",15,132,15177,"Essex","2016",4
"1332","Swansea",15,121,16528,"Bristol","2016",1
"1333","Taunton",106,21,57139,"Bristol","2016",29
"1334","Templeton",12,202,8138,"Worcester","2016",5
"1335","Tewksbury",40,54,31247,"Middlesex","2016",13
"1336","Tisbury",6,261,4109,"Dukes","2016",1
"1337","Tolland",0,341,500,"Hampden","2016",0
"1338","Topsfield",4,226,6560,"Essex","2016",1
"1339","Townsend",13,187,9522,"Middlesex","2016",2
"1340","Truro",1,288,2004,"Barnstable","2016",1
"1341","Tyngsborough",11,156,12357,"Middlesex","2016",1
"1342","Tyringham",1,346,319,"Berkshire","2016",0
"1343","Upton",4,208,7926,"Worcester","2016",2
"1344","Uxbridge",9,143,13997,"Worcester","2016",0
"1345","Wakefield",37,73,27157,"Middlesex","2016",9
"1346","Wales",1,292,1892,"Hampden","2016",0
"1347","Walpole",19,78,25073,"Norfolk","2016",7
"1348","Waltham",61,16,62442,"Middlesex","2016",16
"1349","Ware",21,183,9853,"Hampshire","2016",9
"1350","Wareham",57,89,22640,"Plymouth","2016",15
"1351","Warren",6,246,5218,"Worcester","2016",0
"1352","Warwick",1,333,762,"Franklin","2016",0
"1353","Washington",0,NA,536,"Berkshire","2016",0
"1354","Watertown",39,NA,35756,"Middlesex","2016",10
"1355","Wayland",6,147,13954,"Middlesex","2016",2
"1356","Webster",29,117,17020,"Worcester","2016",5
"1357","Wellesley",4,59,29479,"Norfolk","2016",1
"1358","Wellfleet",4,282,2736,"Barnstable","2016",0
"1359","Wendell",0,328,883,"Franklin","2016",0
"1360","Wenham",4,244,5246,"Essex","2016",0
"1361","West Boylston",8,206,8056,"Worcester","2016",1
"1362","West Bridgewater",12,216,7231,"Plymouth","2016",3
"1363","West Brookfield",4,262,3779,"Worcester","2016",1
"1364","West Newbury",0,256,4637,"Essex","2016",0
"1365","West Springfield",39,NA,28704,"Hampden","2016",9
"1366","West Stockbridge",1,315,1267,"Berkshire","2016",0
"1367","West Tisbury",2,281,2898,"Dukes","2016",1
"1368","Westborough",11,99,19109,"Worcester","2016",4
"1369","Westfield",47,35,41700,"Hampden","2016",15
"1370","Westford",12,81,24310,"Middlesex","2016",3
"1371","Westhampton",0,305,1641,"Hampshire","2016",0
"1372","Westminster",3,211,7766,"Worcester","2016",0
"1373","Weston",4,159,12150,"Middlesex","2016",0
"1374","Westport",18,128,15910,"Bristol","2016",4
"1375","Westwood",8,124,16056,"Norfolk","2016",5
"1376","Weymouth",122,NA,56664,"Norfolk","2016",40
"1377","Whately",0,307,1551,"Franklin","2016",0
"1378","Whitman",23,135,15022,"Plymouth","2016",1
"1379","Wilbraham",3,137,14671,"Hampden","2016",1
"1380","Williamsburg",2,284,2492,"Hampshire","2016",0
"1381","Williamstown",3,210,7835,"Berkshire","2016",1
"1382","Wilmington",24,83,23803,"Middlesex","2016",4
"1383","Winchendon",9,175,10862,"Worcester","2016",1
"1384","Winchester",9,88,22838,"Middlesex","2016",3
"1385","Windsor",0,330,873,"Berkshire","2016",0
"1386","Winthrop",26,NA,18625,"Suffolk","2016",4
"1387","Woburn",50,42,39701,"Middlesex","2016",17
"1388","Worcester",334,2,185677,"Worcester","2016",74
"1389","Worthington",0,321,1193,"Hampshire","2016",0
"1390","Wrentham",13,163,11838,"Norfolk","2016",5
"1391","Yarmouth",38,87,23339,"Barnstable","2016",7
"1392","Unknown",4,NA,NA,NA,"2016",0
"1393","Abington",15,122,16396,"Plymouth","2017",3
"1394","Acton",15,84,23777,"Middlesex","2017",1
"1395","Acushnet",16,178,10544,"Bristol","2017",7
"1396","Adams",7,204,8090,"Berkshire","2017",0
"1397","Agawam",21,NA,28849,"Hampden","2017",6
"1398","Alford",0,342,486,"Berkshire","2017",0
"1399","Amesbury",27,NA,17457,"Essex","2017",9
"1400","Amherst",10,40,40046,"Hampshire","2017",3
"1401","Andover",21,46,35937,"Essex","2017",2
"1402","Aquinnah",2,345,327,"Dukes","2017",0
"1403","Arlington",23,28,45510,"Middlesex","2017",3
"1404","Ashburnham",4,231,6304,"Worcester","2017",0
"1405","Ashby",0,272,3223,"Middlesex","2017",0
"1406","Ashfield",1,301,1733,"Franklin","2017",0
"1407","Ashland",12,112,17706,"Middlesex","2017",3
"1408","Athol",15,167,11711,"Worcester","2017",5
"1409","Attleboro",77,29,44590,"Bristol","2017",26
"1410","Auburn",11,119,16702,"Worcester","2017",3
"1411","Avon",11,258,4496,"Norfolk","2017",2
"1412","Ayer",11,201,8145,"Middlesex","2017",1
"1413","Barnstable",66,NA,44163,"Barnstable","2017",13
"1414","Barre",3,240,5569,"Worcester","2017",0
"1415","Becket",0,302,1723,"Berkshire","2017",0
"1416","Bedford",13,141,14197,"Middlesex","2017",3
"1417","Belchertown",14,133,15100,"Hampshire","2017",5
"1418","Bellingham",15,116,17093,"Norfolk","2017",4
"1419","Belmont",14,74,26458,"Middlesex","2017",2
"1420","Berkley",11,223,6707,"Bristol","2017",3
"1421","Berlin",1,273,3176,"Worcester","2017",0
"1422","Bernardston",1,287,2111,"Franklin","2017",0
"1423","Beverly",56,34,41816,"Essex","2017",11
"1424","Billerica",59,31,43962,"Middlesex","2017",14
"1425","Blackstone",13,191,9304,"Worcester","2017",1
"1426","Blandford",0,316,1260,"Hampden","2017",0
"1427","Bolton",3,243,5283,"Worcester","2017",0
"1428","Boston",730,1,685094,"Suffolk","2017",191
"1429","Bourne",36,97,19879,"Barnstable","2017",12
"1430","Boxborough",2,227,6401,"Middlesex","2017",1
"1431","Boxford",4,198,8310,"Essex","2017",1
"1432","Boylston",3,257,4634,"Worcester","2017",1
"1433","Braintree",46,NA,37156,"Norfolk","2017",15
"1434","Brewster",5,184,9836,"Barnstable","2017",0
"1435","Bridgewater",39,71,27478,"Plymouth","2017",7
"1436","Brimfield",2,264,3745,"Hampden","2017",1
"1437","Brockton",193,6,95672,"Plymouth","2017",49
"1438","Brookfield",6,268,3437,"Worcester","2017",2
"1439","Brookline",13,19,59157,"Norfolk","2017",6
"1440","Buckland",2,294,1874,"Franklin","2017",0
"1441","Burlington",25,72,27176,"Middlesex","2017",8
"1442","Cambridge",65,4,113630,"Middlesex","2017",12
"1443","Canton",29,85,23444,"Norfolk","2017",9
"1444","Carlisle",0,245,5235,"Middlesex","2017",0
"1445","Carver",27,166,11715,"Plymouth","2017",6
"1446","Charlemont",0,319,1240,"Franklin","2017",0
"1447","Charlton",12,150,13571,"Worcester","2017",6
"1448","Chatham",4,233,6169,"Barnstable","2017",0
"1449","Chelmsford",24,48,35099,"Middlesex","2017",6
"1450","Chelsea",60,39,40227,"Suffolk","2017",14
"1451","Cheshire",1,275,3142,"Berkshire","2017",0
"1452","Chester",1,312,1380,"Hampden","2017",1
"1453","Chesterfield",0,317,1258,"Hampshire","2017",0
"1454","Chicopee",79,23,55515,"Hampden","2017",19
"1455","Chilmark",1,326,916,"Dukes","2017",0
"1456","Clarksburg",2,304,1643,"Berkshire","2017",1
"1457","Clinton",21,146,13963,"Worcester","2017",2
"1458","Cohasset",6,197,8516,"Norfolk","2017",1
"1459","Colrain",0,303,1665,"Franklin","2017",0
"1460","Concord",2,98,19237,"Middlesex","2017",1
"1461","Conway",0,293,1878,"Franklin","2017",0
"1462","Cummington",0,329,881,"Hampshire","2017",0
"1463","Dalton",1,224,6581,"Berkshire","2017",0
"1464","Danvers",30,70,27558,"Essex","2017",9
"1465","Dartmouth",26,49,34336,"Bristol","2017",6
"1466","Dedham",25,77,25364,"Norfolk","2017",2
"1467","Deerfield",1,249,5026,"Franklin","2017",0
"1468","Dennis",24,148,13917,"Barnstable","2017",5
"1469","Dighton",5,212,7715,"Bristol","2017",1
"1470","Douglas",6,193,8869,"Worcester","2017",2
"1471","Dover",1,235,6041,"Norfolk","2017",1
"1472","Dracut",31,53,31619,"Middlesex","2017",4
"1473","Dudley",7,165,11768,"Worcester","2017",2
"1474","Dunstable",2,269,3379,"Middlesex","2017",1
"1475","Duxbury",7,127,15928,"Plymouth","2017",1
"1476","East Bridgewater",13,138,14465,"Plymouth","2017",4
"1477","East Brookfield",0,285,2195,"Worcester","2017",0
"1478","East Longmeadow",12,123,16291,"Hampden","2017",0
"1479","Eastham",10,251,4882,"Barnstable","2017",1
"1480","Easthampton",18,NA,24984,"Hampshire","2017",4
"1481","Easton",30,79,24984,"Bristol","2017",7
"1482","Edgartown",0,260,4321,"Dukes","2017",0
"1483","Egremont",0,320,1205,"Berkshire","2017",0
"1484","Erving",1,298,1767,"Franklin","2017",0
"1485","Essex",1,263,3748,"Essex","2017",0
"1486","Everett",90,27,46324,"Middlesex","2017",17
"1487","Fairhaven",NA,125,16055,"Bristol","2017",NA
"1488","Foxborough",13,113,17574,"Norfolk","2017",2
"1489","Framingham",53,14,72032,"Middlesex","2017",8
"1490","Franklin",23,NA,32996,"Norfolk","2017",2
"1491","Freetown",14,190,9339,"Bristol","2017",6
"1492","Gardner",33,92,20640,"Worcester","2017",8
"1493","Georgetown",9,196,8688,"Essex","2017",3
"1494","Gill",2,309,1499,"Franklin","2017",0
"1495","Gloucester",49,58,30172,"Essex","2017",16
"1496","Goshen",1,322,1065,"Hampshire","2017",0
"1497","Gosnold",0,350,76,"Dukes","2017",0
"1498","Grafton",8,102,18761,"Worcester","2017",0
"1499","Granby",7,228,6332,"Hampshire","2017",0
"1500","Granville",0,306,1624,"Hampden","2017",0
"1501","Great Barrington",2,220,6855,"Berkshire","2017",0
"1502","Greenfield",27,NA,17456,"Franklin","2017",4
"1503","Groton",3,170,11364,"Middlesex","2017",1
"1504","Groveland",4,221,6789,"Essex","2017",1
"1505","Hadley",4,242,5335,"Hampshire","2017",1
"1506","Halifax",8,209,7855,"Plymouth","2017",0
"1507","Hamilton",5,207,8051,"Essex","2017",0
"1508","Hampden",3,247,5196,"Hampden","2017",0
"1509","Hancock",1,337,698,"Berkshire","2017",0
"1510","Hanover",10,139,14444,"Plymouth","2017",1
"1511","Hanson",12,176,10777,"Plymouth","2017",1
"1512","Hardwick",4,276,3025,"Worcester","2017",0
"1513","Harvard",1,225,6569,"Worcester","2017",0
"1514","Harwich",11,161,12145,"Barnstable","2017",1
"1515","Hatfield",7,270,3299,"Hampshire","2017",1
"1516","Haverhill",138,15,63639,"Essex","2017",28
"1517","Hawley",0,344,337,"Franklin","2017",0
"1518","Heath",0,336,699,"Franklin","2017",0
"1519","Hingham",3,86,23415,"Plymouth","2017",1
"1520","Hinsdale",5,290,1932,"Berkshire","2017",0
"1521","Holbrook",22,174,11026,"Norfolk","2017",3
"1522","Holden",15,100,18943,"Worcester","2017",1
"1523","Holland",1,283,2496,"Hampden","2017",0
"1524","Holliston",10,136,14753,"Middlesex","2017",3
"1525","Holyoke",48,38,40341,"Hampden","2017",13
"1526","Hopedale",7,236,5976,"Worcester","2017",2
"1527","Hopkinton",10,109,18035,"Middlesex","2017",3
"1528","Hubbardston",6,254,4715,"Worcester","2017",1
"1529","Hudson",15,95,19944,"Middlesex","2017",4
"1530","Hull",18,179,10449,"Plymouth","2017",7
"1531","Huntington",0,286,2186,"Hampshire","2017",0
"1532","Ipswich",14,144,13995,"Essex","2017",3
"1533","Kingston",12,151,13565,"Plymouth","2017",7
"1534","Lakeville",7,168,11424,"Plymouth","2017",4
"1535","Lancaster",6,205,8074,"Worcester","2017",2
"1536","Lanesborough",4,279,2965,"Berkshire","2017",2
"1537","Lawrence",145,13,80162,"Essex","2017",37
"1538","Lee",8,238,5725,"Berkshire","2017",3
"1539","Leicester",11,169,11373,"Worcester","2017",4
"1540","Lenox",3,250,4957,"Berkshire","2017",2
"1541","Leominster",52,36,41615,"Worcester","2017",16
"1542","Leverett",1,295,1853,"Franklin","2017",1
"1543","Lexington",8,51,33727,"Middlesex","2017",0
"1544","Leyden",0,335,715,"Franklin","2017",0
"1545","Lincoln",1,222,6781,"Middlesex","2017",0
"1546","Littleton",3,181,10115,"Middlesex","2017",1
"1547","Longmeadow",6,129,15864,"Hampden","2017",0
"1548","Lowell",246,5,111346,"Middlesex","2017",52
"1549","Ludlow",18,91,21502,"Hampden","2017",4
"1550","Lunenburg",11,171,11312,"Worcester","2017",3
"1551","Lynn",221,9,94063,"Essex","2017",61
"1552","Lynnfield",7,154,12942,"Essex","2017",2
"1553","Malden",82,17,61246,"Middlesex","2017",16
"1554","Manchester",2,NA,5393,"Essex","2017",0
"1555","Mansfield",25,82,23946,"Bristol","2017",8
"1556","Marblehead",12,93,20554,"Essex","2017",5
"1557","Marion",4,248,5107,"Plymouth","2017",1
"1558","Marlborough",29,41,39873,"Middlesex","2017",5
"1559","Marshfield",32,76,25836,"Plymouth","2017",12
"1560","Mashpee",27,142,14191,"Barnstable","2017",1
"1561","Mattapoisett",5,229,6330,"Plymouth","2017",1
"1562","Maynard",7,177,10665,"Middlesex","2017",2
"1563","Medfield",1,155,12845,"Norfolk","2017",0
"1564","Medford",78,20,57797,"Middlesex","2017",17
"1565","Medway",5,152,13329,"Norfolk","2017",0
"1566","Melrose",31,67,28367,"Middlesex","2017",10
"1567","Mendon",3,234,6094,"Worcester","2017",0
"1568","Merrimac",5,219,6913,"Essex","2017",1
"1569","Methuen",60,NA,50259,"Essex","2017",20
"1570","Middleborough",41,80,24873,"Plymouth","2017",7
"1571","Middlefield",0,NA,536,"Hampshire","2017",0
"1572","Middleton",11,182,9861,"Essex","2017",3
"1573","Milford",26,62,28933,"Worcester","2017",6
"1574","Millbury",21,149,13733,"Worcester","2017",7
"1575","Millis",8,200,8216,"Norfolk","2017",1
"1576","Millville",1,271,3252,"Worcester","2017",0
"1577","Milton",12,69,27575,"Norfolk","2017",1
"1578","Monroe",0,349,118,"Franklin","2017",0
"1579","Monson",6,194,8836,"Hampden","2017",1
"1580","Montague",8,199,8259,"Franklin","2017",2
"1581","Monterey",0,325,936,"Berkshire","2017",0
"1582","Montgomery",1,331,864,"Hampden","2017",0
"1583","Mount Washington",0,348,158,"Berkshire","2017",0
"1584","Nahant",3,266,3502,"Essex","2017",0
"1585","Nantucket",8,172,11229,"Nantucket","2017",3
"1586","Natick",25,45,36246,"Middlesex","2017",7
"1587","Needham",3,57,30999,"Norfolk","2017",1
"1588","New Ashford",1,347,223,"Berkshire","2017",0
"1589","New Bedford",212,7,95120,"Bristol","2017",45
"1590","New Braintree",0,323,1025,"Worcester","2017",0
"1591","New Marlborough",1,310,1458,"Berkshire","2017",0
"1592","New Salem",1,324,1017,"Franklin","2017",0
"1593","Newbury",6,218,7079,"Essex","2017",1
"1594","Newburyport",18,108,18060,"Essex","2017",5
"1595","Newton",40,11,88994,"Middlesex","2017",9
"1596","Norfolk",6,164,11793,"Norfolk","2017",0
"1597","North Adams",23,153,12970,"Berkshire","2017",5
"1598","North Andover",15,56,31013,"Essex","2017",4
"1599","North Attleboro",36,NA,29153,"Bristol","2017",9
"1600","North Brookfield",5,253,4793,"Worcester","2017",1
"1601","North Reading",12,130,15735,"Middlesex","2017",6
"1602","Northampton",33,65,28593,"Hampshire","2017",6
"1603","Northborough",5,134,15033,"Worcester","2017",2
"1604","Northbridge",12,120,16630,"Worcester","2017",4
"1605","Northfield",1,277,2988,"Franklin","2017",0
"1606","Norton",22,96,19882,"Bristol","2017",5
"1607","Norwell",11,173,11067,"Plymouth","2017",3
"1608","Norwood",28,60,29195,"Norfolk","2017",8
"1609","Oak Bluffs",7,255,4678,"Dukes","2017",1
"1610","Oakham",0,289,1946,"Worcester","2017",0
"1611","Orange",9,214,7651,"Franklin","2017",1
"1612","Orleans",3,237,5820,"Barnstable","2017",0
"1613","Otis",1,308,1549,"Berkshire","2017",0
"1614","Oxford",21,145,13980,"Worcester","2017",4
"1615","Palmer",9,NA,21140,"Hampden","2017",2
"1616","Paxton",3,252,4881,"Worcester","2017",0
"1617","Peabody",71,25,52987,"Essex","2017",23
"1618","Pelham",0,313,1325,"Hampshire","2017",0
"1619","Pembroke",24,105,18377,"Plymouth","2017",6
"1620","Pepperell",10,160,12146,"Middlesex","2017",2
"1621","Peru",1,332,837,"Berkshire","2017",1
"1622","Petersham",1,318,1250,"Worcester","2017",0
"1623","Phillipston",0,300,1744,"Worcester","2017",0
"1624","Pittsfield",76,33,42591,"Berkshire","2017",11
"1625","Plainfield",0,339,662,"Hampshire","2017",0
"1626","Plainville",13,192,9154,"Norfolk","2017",5
"1627","Plymouth",91,18,59885,"Plymouth","2017",23
"1628","Plympton",3,278,2971,"Plymouth","2017",0
"1629","Princeton",4,267,3454,"Worcester","2017",0
"1630","Provincetown",1,280,2959,"Barnstable","2017",0
"1631","Quincy",196,8,94166,"Norfolk","2017",40
"1632","Randolph",41,50,34272,"Norfolk","2017",6
"1633","Raynham",17,140,14203,"Bristol","2017",4
"1634","Reading",17,75,26106,"Middlesex","2017",5
"1635","Rehoboth",4,158,12188,"Bristol","2017",2
"1636","Revere",110,24,53993,"Suffolk","2017",24
"1637","Richmond",1,311,1412,"Berkshire","2017",0
"1638","Rochester",3,239,5575,"Plymouth","2017",2
"1639","Rockland",55,110,17957,"Plymouth","2017",15
"1640","Rockport",9,215,7246,"Essex","2017",2
"1641","Rowe",0,343,388,"Franklin","2017",0
"1642","Rowley",5,230,6325,"Essex","2017",3
"1643","Royalston",3,314,1272,"Worcester","2017",0
"1644","Russell",0,297,1793,"Hampden","2017",0
"1645","Rutland",5,195,8700,"Worcester","2017",1
"1646","Salem",74,32,43415,"Essex","2017",21
"1647","Salisbury",31,189,9400,"Essex","2017",8
"1648","Sandisfield",0,327,893,"Berkshire","2017",0
"1649","Sandwich",14,94,20303,"Barnstable","2017",3
"1650","Saugus",46,68,28251,"Essex","2017",7
"1651","Savoy",0,338,680,"Berkshire","2017",0
"1652","Scituate",17,103,18688,"Plymouth","2017",3
"1653","Seekonk",10,131,15548,"Bristol","2017",2
"1654","Sharon",10,106,18277,"Norfolk","2017",2
"1655","Sheffield",1,274,3149,"Berkshire","2017",0
"1656","Shelburne",3,296,1848,"Franklin","2017",0
"1657","Sherborn",4,259,4323,"Middlesex","2017",1
"1658","Shirley",7,213,7672,"Middlesex","2017",3
"1659","Shrewsbury",24,43,37387,"Worcester","2017",8
"1660","Shutesbury",0,299,1754,"Franklin","2017",0
"1661","Somerset",17,107,18176,"Bristol","2017",5
"1662","Somerville",81,12,81360,"Middlesex","2017",16
"1663","South Hadley",13,111,17791,"Hampshire","2017",3
"1664","Southampton",5,232,6196,"Hampshire","2017",1
"1665","Southborough",1,180,10136,"Worcester","2017",0
"1666","Southbridge",28,NA,16911,"Worcester","2017",5
"1667","Southwick",8,185,9758,"Hampden","2017",3
"1668","Spencer",22,162,11954,"Worcester","2017",5
"1669","Springfield",163,3,154758,"Hampden","2017",38
"1670","Sterling",4,203,8136,"Worcester","2017",1
"1671","Stockbridge",2,291,1906,"Berkshire","2017",1
"1672","Stoneham",27,90,22036,"Middlesex","2017",6
"1673","Stoughton",49,66,28528,"Norfolk","2017",7
"1674","Stow",3,217,7102,"Middlesex","2017",1
"1675","Sturbridge",10,186,9584,"Worcester","2017",5
"1676","Sudbury",0,101,18867,"Middlesex","2017",0
"1677","Sunderland",3,265,3644,"Franklin","2017",1
"1678","Sutton",1,188,9458,"Worcester","2017",0
"1679","Swampscott",15,132,15177,"Essex","2017",2
"1680","Swansea",15,121,16528,"Bristol","2017",5
"1681","Taunton",106,21,57139,"Bristol","2017",29
"1682","Templeton",12,202,8138,"Worcester","2017",2
"1683","Tewksbury",40,54,31247,"Middlesex","2017",10
"1684","Tisbury",6,261,4109,"Dukes","2017",1
"1685","Tolland",0,341,500,"Hampden","2017",0
"1686","Topsfield",4,226,6560,"Essex","2017",1
"1687","Townsend",13,187,9522,"Middlesex","2017",4
"1688","Truro",1,288,2004,"Barnstable","2017",0
"1689","Tyngsborough",11,156,12357,"Middlesex","2017",3
"1690","Tyringham",1,346,319,"Berkshire","2017",0
"1691","Upton",4,208,7926,"Worcester","2017",1
"1692","Uxbridge",9,143,13997,"Worcester","2017",1
"1693","Wakefield",37,73,27157,"Middlesex","2017",8
"1694","Wales",1,292,1892,"Hampden","2017",1
"1695","Walpole",19,78,25073,"Norfolk","2017",4
"1696","Waltham",61,16,62442,"Middlesex","2017",15
"1697","Ware",21,183,9853,"Hampshire","2017",2
"1698","Wareham",57,89,22640,"Plymouth","2017",16
"1699","Warren",6,246,5218,"Worcester","2017",1
"1700","Warwick",1,333,762,"Franklin","2017",0
"1701","Washington",0,NA,536,"Berkshire","2017",0
"1702","Watertown",39,NA,35756,"Middlesex","2017",8
"1703","Wayland",6,147,13954,"Middlesex","2017",2
"1704","Webster",29,117,17020,"Worcester","2017",10
"1705","Wellesley",4,59,29479,"Norfolk","2017",1
"1706","Wellfleet",4,282,2736,"Barnstable","2017",2
"1707","Wendell",0,328,883,"Franklin","2017",0
"1708","Wenham",4,244,5246,"Essex","2017",1
"1709","West Boylston",8,206,8056,"Worcester","2017",3
"1710","West Bridgewater",12,216,7231,"Plymouth","2017",3
"1711","West Brookfield",4,262,3779,"Worcester","2017",0
"1712","West Newbury",0,256,4637,"Essex","2017",0
"1713","West Springfield",39,NA,28704,"Hampden","2017",11
"1714","West Stockbridge",1,315,1267,"Berkshire","2017",0
"1715","West Tisbury",2,281,2898,"Dukes","2017",0
"1716","Westborough",11,99,19109,"Worcester","2017",3
"1717","Westfield",47,35,41700,"Hampden","2017",10
"1718","Westford",12,81,24310,"Middlesex","2017",7
"1719","Westhampton",0,305,1641,"Hampshire","2017",0
"1720","Westminster",3,211,7766,"Worcester","2017",2
"1721","Weston",4,159,12150,"Middlesex","2017",2
"1722","Westport",18,128,15910,"Bristol","2017",6
"1723","Westwood",8,124,16056,"Norfolk","2017",0
"1724","Weymouth",122,NA,56664,"Norfolk","2017",31
"1725","Whately",0,307,1551,"Franklin","2017",0
"1726","Whitman",23,135,15022,"Plymouth","2017",9
"1727","Wilbraham",3,137,14671,"Hampden","2017",0
"1728","Williamsburg",2,284,2492,"Hampshire","2017",1
"1729","Williamstown",3,210,7835,"Berkshire","2017",0
"1730","Wilmington",24,83,23803,"Middlesex","2017",6
"1731","Winchendon",9,175,10862,"Worcester","2017",3
"1732","Winchester",9,88,22838,"Middlesex","2017",1
"1733","Windsor",0,330,873,"Berkshire","2017",0
"1734","Winthrop",26,NA,18625,"Suffolk","2017",10
"1735","Woburn",50,42,39701,"Middlesex","2017",16
"1736","Worcester",334,2,185677,"Worcester","2017",79
"1737","Worthington",0,321,1193,"Hampshire","2017",0
"1738","Wrentham",13,163,11838,"Norfolk","2017",5
"1739","Yarmouth",38,87,23339,"Barnstable","2017",8
"1740","Unknown",4,NA,NA,NA,"2017",2
